,0,1,2,3,4,5,6,7,8,9,10,11,12,13,14,15,16,17,18,19,20,21,22,23,24,25,26,27
FAS1,0.20480424187566537,0.7451653840242416,0.036061247850573366,0.0011476045927553387,-0.004382095952397907,0.09773149332469343,0.053033686817151676,-0.08129435327416461,-0.048255860819977535,0.07263535090058693,-0.0347429139696568,0.0005929567790469283,0.03393528253263174,-0.031106810370855664,0.09139741141113433,0.038962726325856636,0.07301618289534773,-0.0860085413426475,0.03175433243246624,-0.15017569646873122,-0.06791257474295827,-0.021267419447053793,-0.07681776451436097,-0.06339524673459615,0.06630953115139093,0.2040804974385846,0.1387918142780511,-0.12326228474840838
FAS2,0.030137120000737913,0.6402168357987279,0.028878512935009596,0.006086923502225432,-0.041811725837786584,-0.06347577627388437,0.09486370211609495,0.12270394329584947,0.023107087087022596,0.008525931116860792,0.16034527878809052,-0.14131417555198095,0.36343111329908034,0.01595188807085048,-0.02607239965922131,-0.13946187983251157,0.033303512718452326,-0.185608008107409,0.02355797686661683,0.0020087647985389434,-0.11022670623482721,-0.2555611950224128,0.08797284407406626,0.00914954617159482,0.13776186768176665,0.10281148582782743,-0.051837831050799275,-0.05346530386577708
FAS3,-0.11471454172542425,0.7628132828952213,-0.15383319948178467,-0.009793077207463417,-0.024338155688546855,-0.1410137781599278,0.01100559980676253,-0.001627387170104779,0.024446613169797578,0.23070236658556384,-0.11009903905223607,0.012961720482498102,0.1209939385627899,0.0028127120271265855,0.19806391935236312,0.015533695833597863,0.024378614237225642,0.17860134594867658,0.08911846950212308,-0.006903728017264484,0.029712771767412115,0.018059278324904896,0.09282185829916928,0.044793836165706334,-0.09189846096933486,-0.04070683042757717,0.06517430580688172,-0.16636016577518042
FAS4,-0.019909253746235388,0.881683501434868,0.005721534829628531,0.041875563933524755,-0.09656830316493399,-0.06017173755322675,0.05732180540931021,0.09477564940474222,-0.025495271510529,0.20339032370022755,-0.1428322873978332,0.1115000819522443,-0.0010121061410795112,0.02757140606177095,0.008277005111844097,0.0627975213046655,-0.021559975968642585,-0.06256179544893116,0.047800653312590355,0.06685452776084568,-0.14932767368598496,0.05583102557107821,-0.00221757564795371,-0.03436949587822322,-0.1192309023981012,0.011360887001601337,0.057791541261383396,-0.14279241720256106
FAS5,0.007654625392795599,0.8854626395350896,-0.03899373211500255,-0.010023473434091991,0.049048854164012244,0.04045838954539774,-0.04457247198818289,-0.024895173027007472,-0.044165354185595126,-0.006942113287936217,-0.10212325326780869,0.06816136251256033,-0.0754937190110123,-0.04784479446289102,0.10442960920458069,0.0912338472125143,-0.04566555872298154,-0.0028027042355078984,0.05464999852408984,-0.025844369896342326,-0.06977569375079337,-0.015872080040633174,0.0010735126115856974,-0.10670119940488548,0.03148744931791186,-0.01535965338122916,0.040410048337615,-0.08378698465181773
FAS6,-0.06075791056441631,0.7977940411275463,0.06589623216636382,-0.029630724692798587,0.01584874567741313,-0.02207420181812747,0.09447177604759413,0.1231200719223449,-0.07288393548430853,0.06484316788167452,-0.09967975935099316,-0.02205037847984092,-0.05512786531144148,0.0290384665054526,0.07801525360957996,0.07769614236899282,-0.08700723383952759,0.08040240454454162,0.03382236946805134,0.12422262610229903,0.11525036044838913,0.013802339423052071,-0.06669063217065223,0.012974684020125096,0.065335172514257,0.0006614190837927881,0.06719123062847572,0.024283561448764153
FAS7,-0.0520526869019537,0.8205244356913978,-0.02053655919980407,-0.1207232177178584,-0.012693008497834214,-0.012926853676632362,-0.039430882639252436,0.021452783609975396,0.035998122020804,-0.10432414156805567,-0.0070726993342835635,0.08991436872845447,-0.09873155680220441,0.10788595228486224,0.09466429714606811,-0.055114835880062156,-0.10498488933619758,0.12248753325055643,0.056601470193332844,0.08848744749274054,-0.050065630567563135,0.06400456805811916,0.05744949549476455,0.07208640877967143,0.17332946181097084,-0.014847360026873955,0.0032189720315948076,-0.007373265347861081
FAS8,0.04301010530934323,0.7226269257519701,-0.048365776431843976,0.07715315942675176,-0.08222473954811536,0.05906261373175269,0.16115731446172257,-0.05633188911175926,-0.07420483396843246,0.09972287945079342,0.24420467572858753,-0.012918136378088705,0.03797087712081049,0.003239066406634392,0.00017670588872617605,0.02268616640216321,-0.02402686463242671,0.02454784723043302,-0.09584539369455194,0.05576162784439252,0.03394547183437149,0.07094912742509356,-0.19499518062626517,-0.010497678469934019,0.08497706366964639,0.000708293366577072,0.008468604937227137,-0.04831035260677911
FAS9,-0.010522138630885695,0.5904883557053424,-0.08104247395288453,0.022488911765241735,-0.005089227403741896,-0.07615000296903676,0.02598892653575101,-0.05075231117220881,-0.080413498374051,0.012332475630872575,0.18283023491086456,-0.03751861238556986,-0.10078196461555755,0.03522115552778747,0.042160191176623424,0.05380506708620396,-0.025054868137741874,0.3121427572630104,-0.11293336396018255,0.10171755324531792,-0.0015093664123466014,0.038554603172960125,0.05995646274480904,-0.0037662444531584476,0.06328611866662759,-0.04359599091399022,-0.02576486624935527,0.04973435110964624
FAS10,0.06856368209724206,0.6708641095211613,0.06784731283815225,0.12069068440207241,0.04938071253533329,0.04853916500462432,-0.16426621165513047,-0.051706074868000655,0.03891947975001796,-0.17939525305467502,-0.06916050994799079,0.015126412357108357,-0.004287654371129446,-0.006441928539679505,-0.11616142740979137,0.10165121883331671,0.059459560706021666,-0.1993857983288383,-0.18281659257685937,0.01745564274444926,0.016671208980198592,-0.1547950043885279,0.042445782384364465,0.01953177311869092,0.00026959985133423643,0.08041994998846433,0.04550515913931098,0.0006483059690678838
FAS11,-0.01421466424656091,0.6203563100146721,0.05310771447671061,0.06976001976634842,-0.19718373094995265,0.1738791221249522,-0.14838466505701947,-0.08126062737881631,-0.12265533852802558,-0.0627580871602691,-0.023926202078630655,0.019283569525721325,-0.043280946706736156,-0.06068617314865434,-0.07285158718011532,0.13029483776832765,-0.01966756009089627,0.08394277582025576,-0.0374911142339818,0.0406135728241696,0.1438917424222626,0.008634997204823486,0.23086378016524123,-0.0621335901686672,-0.05830492084413278,-0.044759954653441895,-0.0436043186066795,0.01834016220837468
FAS12,0.04238669892792679,0.6128989137636465,-0.0015003073455348963,-0.0261535221969436,-0.0560920907754709,0.01764102927021457,-0.22545029611387551,-0.0822556123617206,0.0782251760843497,0.01989074498207249,0.017439505156744917,0.11381539789973259,-0.044597085040805846,0.021903996115551674,-0.28260352393441146,0.09548132608593941,0.0634338318046443,-0.015923514708407676,-0.13162795639206706,0.08043792429127977,-0.029594907573824467,0.13536488173851075,0.07547231406781904,0.0386696393924695,0.043264535389679816,-0.046357063792241346,-0.05093782550734662,0.026162590949137737
FAS13,-0.04588829964288383,0.2556673242757448,0.059653328439249725,-0.07255898510589065,0.06379499664870301,-0.0007103320148612851,-0.07134791170003457,0.0599805087841361,-0.13826005541032013,-0.1024960558804253,-0.002928299160060731,-0.08132505997817846,-0.06015186883792806,0.12413812469220784,0.1206449868581542,0.0012148107372551282,0.08880655300673468,0.2516961948821733,0.0008431411008637961,0.0761282236755886,-0.006141558314850868,0.06898953535216996,0.5715875577074867,0.03667478044868132,-0.10098645704270111,-0.01789378136560494,-0.01953698881790991,0.18332596495018227
FAS14,0.053473582307197905,0.14454826103620522,0.011784589711881099,0.054014604954127014,0.08204523818691123,-0.06980993107051109,0.13819264433473957,0.160550271829634,0.03551597276168065,0.14742480811050712,0.015841436311383003,-0.13592120062927246,0.00012734481285047255,0.003230156987412645,-0.04264338676699793,-0.09525047320894597,0.15481115823314323,-0.11764683835815176,-0.016616719927165687,0.9489078368816929,-0.010051490766373085,-0.03785349590277968,0.04086417640350096,0.21815462273021535,-0.12475310197467585,0.02925384169322509,-0.08168603241611129,0.05704223704366217
FAS15,0.024753621560433956,0.19453575405503187,0.16608811750607344,-0.004446776574327406,0.06782524513625424,-0.07159358407262525,0.047113729908398044,0.17192135652719426,0.037795333452639336,-0.0677542997424608,-0.08775218877708298,0.028684418864462297,-0.11257221294531292,-0.009307955642935227,-0.08512803500278741,-0.005308178703377709,0.07674853522534017,0.0276040623274867,0.044112637047652024,0.8309625815278008,-0.018430277250357997,-0.013524218443796924,0.1185395090542045,0.16904652130798323,-0.06882035728388673,0.0014839196642114502,-0.04729915423745646,-0.036751050117726294
LOC1,0.08617829408816649,-0.11090884684621376,-0.008890138028709004,-0.05563208273787822,0.3207304313138107,-0.07859486892779338,0.012371776891055099,-0.07244196184032964,-0.1067943167796333,0.017592973995213576,-0.08775145985037348,-0.08675731172421061,-0.1675780224571491,0.07321181081829395,0.07562059924920694,-0.04684430089510077,0.9150560516373284,-0.04996791799657859,-0.0027873321214403946,0.0011332026962248714,0.07951679109037825,-0.1535203225756385,0.09048547570481125,-0.031710851425512505,-0.04288748317974787,0.012395966786250757,-0.02322442181379348,0.0309155188210879
LOC2,-0.06486437932799692,0.018558281221566674,0.004372239900222503,-0.06310419875751258,0.02654709798237121,0.04629477606634644,-0.0343643576411183,0.05734237666170104,-0.0371069519989168,0.0678349082767372,-0.011144010430627698,0.10748518078220434,-0.03819901690033003,-0.019646389383654955,-0.03602016156719068,-0.03961090947027371,0.7228824473889768,-0.04955720850022247,0.03564361564300494,0.1741290041113382,0.12725416179433638,0.011248089362305695,0.02746975436792295,-0.09296985875157182,0.016655457326113655,-0.005309195851708495,0.10005243954458569,-0.014983011010249127
LOC3,0.09350380800345112,0.0367818150808371,-0.03976556166207531,-0.005705889889554842,-0.19616165204765423,0.006287980586889242,0.13201253460901977,0.02139215960977416,-0.06216490090704323,0.04896466268803415,-0.02339499932351209,-0.10943489700306455,0.11077475236123245,0.13560036588260066,-0.03148371924498708,-0.13644513470511774,0.3389078563237721,0.0415681157167063,-0.02650303735202567,-0.1356777129928212,0.053770222570105775,0.029612356824110828,0.3680051361168109,-0.03985845220374971,-0.0338505996467809,-0.0365070552714227,-0.10431790089179509,0.3741808072351749
LOC4,0.20940667512170924,0.045374703519660727,-0.02221400072684578,0.06221845375628471,-0.15706042845099732,0.02211795055942625,-0.08155715025488414,0.14927051734389196,0.15214200430515537,-0.2150574693093744,-0.057523113399380224,0.12028515697039795,-0.11626882121719838,0.031629048361254464,-0.09461231777480929,-0.1532038011197333,-0.04537826579555642,-0.09675315324896351,0.05418282429583275,0.04756135079365076,-0.1780531474344313,-0.14565094929318867,0.40266440673057363,0.029152219496248473,0.0574849251589682,-0.0397253920439377,0.006048933529079284,0.5327827501000157
LOC5,0.02535781350970863,-0.17291119521814277,-0.029702123279160008,-0.036743147262924256,-0.21330054864127473,0.04549727055014888,-0.0256024861182206,0.05655428411345784,-0.06871306614519346,0.09969489803788581,0.05194707237167773,0.002470011955373078,0.051183601073716674,-0.03843287543972994,0.03504847691422367,0.10213187751072395,0.0031352759187213896,0.022627477512543057,0.09030012249267198,0.012130804733160081,0.08941079842676034,-0.051400288563306834,0.07801020877074294,0.10096438876538964,-0.03063540049089889,-0.024243016340120858,0.06009678368450301,0.7165041702560576
S1,0.42723081229827803,0.14577461243540868,-0.02162357829932548,-0.09507509948775408,0.05259920487777012,-0.14744518260396278,0.05272535416696842,-0.05619024692112627,0.15682520059892816,-0.13160958238319279,0.04635378789509823,0.48314287127072214,-0.001987812564267724,-0.050870897834093494,-0.07707483755481767,-0.1063352720736264,0.14873250568801427,-0.12389475605021016,0.003055804617052863,-0.09994211062527156,-0.06959167926908891,-0.0001812536099900193,-0.19269811162196435,0.28360105665269775,-0.034621965621284806,-0.12457663134212886,0.10853824633859074,0.11906275206509767
S2,0.6031056601798445,0.06910620263592433,0.12187095219698722,-0.03997828736480325,0.11347526787505702,-0.10930769591873002,0.03384086428390721,-0.05326249035909533,-0.03803084812242881,-0.2768632001416403,-0.03309262924007186,0.40762318015315413,-0.008041483816030159,-0.0781110631505412,-0.09184966303992953,-0.10096983920479966,0.15339885228358044,-0.0006022715298576374,-0.027953275731421732,-0.15459286454126683,-0.004499954340008911,0.019536437358871738,-0.010360191204697328,0.022134073040571783,0.06526546152770017,-0.022232657495482002,0.016979125974086077,-0.023108663900504017
S3,0.5695078851603599,0.11443371869682416,-0.05891578768517986,-0.12701018076347675,0.14723076287666412,-0.02613233406886894,0.02318466697343487,0.21956347863511222,-0.0892930217131463,-0.22847561118030238,0.12318561677022435,0.4622046145805653,0.08063634932842483,0.0018325624490471357,0.02722508510844755,0.0784912659439968,0.003278148904088455,0.1439090798102345,0.07367234912191835,0.03216079560521271,-0.01973050135078138,0.0052760341749672444,0.07331038372727149,-0.1270631555765399,-0.10803267133882785,-0.051504012623701544,-0.014090903311824178,0.07331290624559343
S4,0.5725911941326302,0.08639712306569489,0.0044496540251543785,-0.08224069672090584,-0.04085148613959368,0.022647723693231897,-0.05753440377422051,0.09182311365120226,-0.03742331181921601,-0.08621875335621247,-0.025966133417948057,0.6754511849275148,-0.0203397678505115,-0.07188316432029132,-0.15469906705403988,0.0544676398405618,0.015837729878145593,0.23808012603225195,0.02176246152977147,-0.03156900315392825,-0.006413565850589228,0.11682370494679094,0.01841352680703897,0.040227817322565,-0.1142913859409106,-0.06121969753310434,-0.10206991053268086,0.01456933070026468
S5,0.48794500427075593,0.03830263571193343,0.12022848524772321,-0.0016183622586675322,-0.24004488145900876,0.11097342534597614,-0.08874238776313155,-0.04978723276018193,-0.06991993245560782,-0.027820687709217973,0.04408794044605554,0.7404796476413109,0.1359227261341031,-0.008780228731580417,-0.06603805990623692,0.14666479058788878,-0.051719892718528025,0.00933820613597049,0.06412532233765134,-0.02702167277880045,-0.0935232784588886,0.20729418136858282,0.04730289962389945,-0.13361474923817027,-0.004420155967788197,0.0020348874202647097,-0.0005448298912131351,-0.03933490116887354
S6,0.49535199733931573,-0.16391471052654197,0.06354215272932237,-0.02928671534649653,-0.04304464574276282,-0.07888843594997887,0.09919427966707031,-0.10581043605618187,0.0574498157239264,0.02877240893386821,0.04552480758548191,0.23126523101694965,0.11078927984953421,0.21329249049024798,0.08528117571657304,0.032133080365471633,0.22999663268206488,-0.04492203361289823,0.06612731272737933,0.16248691865064155,-0.034782257715140485,0.09623068188494106,-0.03346206787506302,0.21301555455526192,0.152913218070394,0.02007016875514262,-0.2446321161607994,-0.13977739138101228
S7,0.431017579669382,0.01910180029598538,0.007022482314440979,-0.04617941236814513,-0.03876285708110567,0.0693611497097351,-0.06844245665018839,0.11109279416064416,0.13769967152409268,-0.10119477454747772,-0.027109409442600447,0.11304170739647852,-0.028545655527762295,0.1119096570902731,0.215732637258488,0.072236980654213,0.1191815992509015,-0.12799366903550652,-0.05465348288971581,0.0241235036492988,0.17189602792412315,0.04838689184707061,-0.05367751337370716,0.06495259624383701,0.13493274273223768,0.07600911259076434,0.0040053628052481825,0.02661473405148996
S8,0.5931177841954096,0.029206556486161172,-0.0032374793599406304,-0.10462334344890041,-0.00891071546410451,0.09575634985546347,-0.06528822514416074,0.08222348818734687,-0.03646196236249955,0.2131939505255544,-0.035515167825456495,0.26998507836341673,0.13762601820883652,0.06674060388339446,-0.14656396107012523,-0.05207118471240198,-0.019987253133237952,-0.02546609675461821,0.004956677914759094,0.06581712132852109,0.1540216007336582,-0.09460591810138803,-0.2051088676732203,-0.07534829414635777,0.08347437102850735,0.0023975769801796534,-0.056573478076264,0.19569976075206502
QOA1,-0.06331273464985313,-0.01861082957834592,0.0390372509304357,0.03476343786265865,-0.11983742461588148,0.06201122732492895,-0.043581839592775735,0.0015172302897865327,-0.07545202008753703,-0.008976940942707042,0.006251049001246561,-0.08408342854521104,0.12585065409247773,-0.09007063782333807,0.14821088262646606,-0.14865085108433268,0.02516632097631715,0.07516072411095703,-0.02046347253261061,0.09922405302301594,-0.01944530753825074,-0.015602028780235335,-0.08296482385512087,-0.0639566394933875,0.06813435768461656,0.7463318307991049,-0.12755722598971023,-0.08360528815970525
QOA2,-0.04961277826978725,0.1434411257997891,0.08171527970924942,0.03977342718832973,-0.03499236860863427,0.13177548774181522,-0.03444901743275677,-0.09867569305281733,0.09463793526613712,0.0030492001481143088,-0.05079305654332937,0.020455700043491974,-0.33612695889325156,0.0953181810104333,-0.18831676282693724,0.008965056399801042,-0.01244722906202177,0.17377361373497435,-0.004996122981787605,-0.12347110246177993,-0.035602124975626454,-0.05603599883890499,0.034940347173280734,-0.06190280242689004,0.14302411357523875,0.7112191048661273,-0.024679060538131476,0.02001039341536601
QOA3,-0.3152939709276154,0.0127914218318436,0.14435601280273047,-0.06205170987469484,0.10533233585506682,0.021801251220917372,0.3042504885523795,0.05115891959295082,0.010843820671497606,-0.08968856708152917,0.04946806677388832,-0.11124309342257156,-0.09770859016412489,0.044251953774932816,0.048977078660918265,0.007153270373024176,-0.13163116088994947,-0.045224553460506155,-0.023435059822110495,0.0538422245808526,0.01014023987465548,0.046886345882043205,-0.06258850654879156,0.2517454782939775,0.09534082222784188,0.32493222223014234,0.08820900504357854,0.1137759248938808
I1,0.48289127580448526,-0.02962488445849265,0.08607573792346518,-0.03184339521454076,0.08250967246105868,-0.11376188084430103,0.08873162143616285,0.01796064615313754,-0.0858414616719027,0.11785511413068948,-0.012537197930774286,0.21200679012728427,-0.0260037371505784,0.327152995510196,-0.04470054704747451,0.14315808346381526,-0.018593614226508133,0.046732684023732055,-0.13574640831956963,-0.05711366805345112,0.1050951959402437,-0.047426905265036554,-0.034450782162943755,-0.13896529770336757,0.009735108894337659,-0.017594888642613854,0.06389929614695489,0.11256419501284552
I2,0.6237565219783485,-0.15095433520894333,0.06166160019267095,-0.02435735803114245,0.030384811467012742,-0.10995067739971875,0.2111915827532227,-0.04350135153198467,0.007950079223436185,0.009792390392379495,-0.03436117722877718,0.11296120963605458,-0.1946190259408827,0.3515454217626522,-0.17892234916812622,0.05092254945445147,-0.1378171542103016,0.01624703670383428,-0.24781372573905086,0.023825206657541387,0.013699214657477206,-0.005767006180794992,0.10617290119234638,0.06942434928259297,-0.09352833458523815,0.030824428317785653,0.156642609344222,-0.028527534230621283
I3,0.28248680994419484,-0.01986068883059972,-0.014213140311461094,0.057118750149803964,-0.10856426204119854,0.01552115633909311,0.06188156741872489,-0.10425030656574814,0.0922366154845675,-0.0734222316274313,-0.03672961935688012,-0.06739398676613682,-0.0775999387106452,0.8282672705530092,-0.06936063370945329,-0.1657132752244927,-0.0067578434278616805,-0.1543609957591651,-0.0003857620019034703,0.03867656981572612,-0.06665458279310926,-0.029728638759585292,0.12814484425442968,0.07735582986774078,-0.06437666577597378,0.01608327149384991,0.047717069902582065,-0.07053808116014407
I4,0.20589632601067073,0.09763026877028688,-0.025747051274475272,-0.02827875096003683,-0.1488197680466804,0.12645496574593806,0.05687659538946022,0.046004488216435324,-0.021932983732532295,0.02726560607156028,0.06642556587569123,-0.06423515414253601,0.045169903711868735,0.8157689486380547,0.02116929672021799,-0.06016972024774691,0.11652785440432788,-0.05094398873868289,0.1294064554565199,-0.030237569167925187,0.09914488008552634,-0.17026736703197862,0.14152613585332421,-0.1464144626522827,-0.009386577392113677,-0.05611507922567376,-0.028222040609141307,0.05224250049983148
I5,0.31129672160959126,0.06707589107264152,-0.011576596418404665,0.06706968483399148,0.025682736433373005,0.05299156084876764,-0.023073834243574027,-0.03933578335524617,-0.07268889037812751,-0.11381343340399662,0.0789827368077405,0.22000461658897863,0.2053397340136046,0.41234030019198115,0.08355890520143695,-0.1437060738477113,-0.04269783537996726,0.11418023948799394,0.12733037432665467,-0.06517385489153865,0.01587673639704771,-0.07449684755879148,0.026489120325315134,0.04266503674758993,0.11373199436438383,0.08335636016810943,0.05250133396626505,-0.055538051759018256
M1,0.5528608398773582,-0.012385882990669447,-0.06855781155917684,0.11634355945735042,0.1741595335772646,-0.17914958655752358,0.09581190510820978,0.012470368034306088,-0.034092144290041065,0.035310809805719254,0.011694154518659678,-0.007160759898720764,0.044986851540845814,0.1236679149258281,0.1932809268080469,0.19126215278563224,0.02097710090982983,-0.034842070706709555,-0.013823979511503574,-0.0005984308943284593,-0.0016553985225265932,0.012666539174254442,-0.07466722707256354,0.00877622675095917,-0.14999817090995657,0.15926845996053368,0.02739510631123252,0.11948636622403222
M2,0.6787679411502563,-0.012330755416501723,-0.08990667777061416,0.04643132315249903,0.2378482387184249,-0.10194887016863122,-0.11835817012773166,-0.015757454149329577,-0.012236164642804402,0.09157427802152175,0.04860677935562688,-0.08129137656943573,0.01885897350144439,0.04421534196289266,0.16115759035129687,0.1040130808493025,0.013521877830137334,-0.035468055415329755,-0.012747493522620041,-0.02275098828428498,-0.15200033337364635,-0.009614008339223074,0.051176406448558115,-0.08908031761794863,-0.025774851535498196,0.10802689929666401,0.08320095046062091,0.12557175280894448
M3,0.789278113429685,0.07389744062214151,0.034395414474157275,0.01614022685266448,0.11508622392447185,0.09007588477439774,-0.07321311373369825,-0.09068421442781735,0.02339959202480371,-0.0521334773404557,-0.10609930535467404,-0.04155947749039134,-0.07759590638543525,-0.06609458688502072,0.0015821603586872346,0.12052375737256227,-0.3224938518070025,-0.04446121068260187,-0.15537046470100663,0.036654602941339785,0.056530061273290425,-0.011061783224800214,0.3283756994046317,-0.03555316934716875,0.11762983804243565,-0.07959792524179042,-0.017666479540388694,0.11727571088454068
M4,0.7618341161107778,0.07988377365574804,-0.11622640920585901,-0.016675366922362215,0.08896286884139547,-0.0264444340006931,0.12020071829893758,0.01705935847409803,0.08200606388054506,0.11905098629215241,-0.036471988736351574,-0.01583054332282241,-0.014516956333961788,0.2026065705131043,-0.07594694224537825,-0.12047207344007181,-0.011276624378668113,0.06771135621097045,0.06694395018376545,0.1182901052905598,-0.13695202333131243,0.14261465101734894,0.06530496685260394,0.09945978959047165,-0.05872708245550908,-0.12259173105562522,0.021466226088614843,-0.16843109390043595
M5,0.8994307157629678,-0.052406896819542255,0.005748320977495764,0.0395006951099913,0.01310963725114113,0.017275603448906097,-0.030654804102692654,-0.07459130644798098,0.07984865597797627,-0.05161036249229765,-0.031376761906891606,0.15782571953188834,0.06651775169521058,-0.05989665935079066,-0.07788784611447606,-0.14984073595809297,-0.07230057917949546,0.12557106327858147,0.08406221741932218,0.004481364447342839,0.01828611074587738,0.08743901338894053,0.04379882042150391,0.03316624207973564,0.031506484077921094,-0.0023134292079675317,-0.08183589312758999,-0.048148806548025155
M6,0.8349282208577563,0.02137800966311115,0.03392919088755141,0.06077169001318275,-0.09937750818207097,0.12721766575216145,0.1261838579474247,-0.1557608057091713,-0.08482210573550196,-0.01048884777610099,-0.009994528039860022,-0.0021982317845626927,-0.058645348239475585,0.017687268505394513,0.07714724538936217,-0.08621834396300528,-0.09015409426364634,0.1312214142748359,-0.024078946034227052,0.0039005729764574728,0.1040903656096883,0.13128390749044427,0.0011237354447831758,-0.09592634473279715,0.027162977365684373,0.07972407114187387,-0.028759185787846624,0.09216121104959273
M7,0.8883441109111829,-0.00633208105064842,0.036563090173283415,0.053348298187639,0.15526565779005014,0.2059327539287647,0.10739160762302354,-0.2557335554248552,-0.09192078843533782,0.04142320765904851,0.013421469014470748,-0.03648080787494675,-0.034556474726567095,-0.08127662319044682,0.08865878952934819,0.10876581506663707,-0.023205491581016972,-0.044366545086866015,0.08200452484198414,-0.06455538104409551,0.12623427352668481,-0.004057672706926054,0.022385785735746774,-0.020938034277800433,-0.11118446367777086,-0.08613873512592973,0.03352231622017255,-0.05720138379147381
M8,0.925817404596952,0.00412484405397188,0.06871103410084958,-0.016457149086169753,0.23354370819205214,0.0632181595034267,0.1671859671683271,0.04782314893011911,-0.06242916337572135,0.05474485658672068,-0.048954804026027074,0.011066841279621894,-0.06476342312172459,-0.06744848107210992,-0.1683077549678721,-0.11588571169898033,0.08903450889591231,0.07444207256680259,-0.039533716872420056,-0.02766076302843903,-0.05235609511555139,0.08924581221878956,-0.15979919379241955,0.008373709572519233,-0.006903898849863928,-0.0925239573083151,-0.016817346361318992,-0.09909896460897953
M9,0.8512419711342437,-0.09057912394699628,-0.04113367888262377,0.07629803186331577,0.10665451673578098,-0.010481693834843634,-0.03415967231687119,-0.19643585757302032,0.06007471665665113,0.2672449691835498,0.05460283555718387,-0.05486299361823802,-0.01234338694784113,-0.023762883006897266,0.004295687701972389,0.020400773797696246,0.12623441677831354,0.05017218240209671,-0.015562157109335412,0.12393953111521445,-0.023344898685222364,-0.013622140332057185,0.07242600286441121,0.0025431503588619823,-0.08798018318417382,-0.04114895645146272,-0.021607620623298518,-0.0368351213096381
STS1,-0.21638686181402603,-0.04397399835366742,0.5266094886305108,-0.06673340806237361,0.016508379052405257,0.0837303282140336,0.03313311669095929,0.1327030765130548,-0.09292354632294465,0.1924386568005938,0.0031368122019371017,0.10505568143572144,0.20131731709869619,0.0951069350945942,0.03336697822231802,-0.005129537970790843,0.01602611980669386,-0.12444997731058699,-0.19589984322431622,-0.0371259483927364,-0.07188980970981067,0.18376639828055505,0.15682894965367788,-0.08996222117736476,-0.010449353140814811,-0.050824368237956365,0.13100800754159825,0.026881864891408758
STS2,-0.05920102525323379,-0.10734882162123825,0.572808337051052,-0.08575168571844856,0.02232023431686883,-0.20989662062871503,0.04981229094836008,-0.030127491740526563,-0.027394693613865775,-0.074451241055594,0.11284976448505876,0.02818293317199237,0.02886397952547777,0.14465358612500417,-0.07119547963531694,0.08900946145442899,-0.044329245992912485,-0.07688809613573512,0.017207911769071133,0.07205909527968132,-0.08536235866270385,-0.24140407225385893,0.35272643159286116,-0.0883938992657343,-0.05789618547203352,0.03467338595912217,0.10620120365085939,-0.10011536295463383
STS3,0.029700236905024633,-0.023314391874565348,0.7166866725264222,0.06849709526253979,-0.036477323368034484,-0.023409758716918066,-0.15883644861984805,0.09373162919458171,-0.16516014071322407,0.20260312243261808,-0.04353905793580575,0.18272817230755628,0.11842327240744009,-0.07700398310055258,-0.1103110255461585,-0.14936801880793676,-0.008362730511305849,-0.09478477177951843,-0.11200033512024811,0.05714607835895386,0.025943584187589876,0.011096598162045368,0.03862650941402137,0.007456106156763349,-0.0887832321627999,0.1761231406740292,0.029671629754325343,-0.03150328990799585
STS4,-0.03525274078348851,-0.05911252718947386,0.8268349338484438,-0.017831457389172217,0.008644295177920449,-0.017225605576606465,-0.0550940166227391,-0.022714548875725347,-0.2245316988770457,-0.016596477636664365,0.019486105499583583,0.14562245803877,0.041266876668138455,-0.09908170777103671,0.21161864446966291,0.13025615778319918,-0.05372495399576317,0.10769182712575014,-0.048866195468167214,0.04187124179783501,0.07719895476523529,-0.10126278395166065,0.046770339220361064,0.08666437186120603,-0.043928956242834556,-0.04094066083403369,-0.10675992410770012,0.02215315776661097
STS5,0.12571730490965397,-0.04962609442285954,0.782218344033173,0.09944096702773175,-0.0179853711649147,-0.11597045722032817,0.17283499590083756,-0.16088043470533764,-0.11839719372248923,0.05087577583887951,0.052329575128423754,0.042325798065993785,-0.11387842521839539,0.0016552817203130757,0.09716301170263911,0.029485325773253145,0.00040779601116246145,-0.18042831207847845,0.10287138058812163,0.05099279385913607,0.07765438879451737,0.02081635291956951,-0.0779667630740877,0.015584755686547524,0.11124038000157555,0.028703626925173316,0.00517599010362984,0.045463452525422575
STS6,0.10467574986301038,0.06630226810061365,0.4404624786290181,-0.08054622077793498,0.07710206078441453,0.0945434329461309,0.25646854012211406,0.1422792446732457,0.016723906302873758,0.08427468642899662,-0.0019714352048277343,-0.11472396070761157,0.12028407660959885,-0.0465939008296116,-0.10855877540744902,-0.19862271127466488,-0.010786572973173956,-0.1210005188915182,-0.0018282386832177318,-0.0084317638445397,0.1391391726516612,0.1018540682688613,0.04595568555027038,-0.058053361259570786,-0.08174809635412543,-0.054234891738557306,-0.09391308327766942,-0.019580321268779937
STS7,-0.054518837937681634,0.014934850948835912,0.6764265597013266,-0.017936603400175884,0.18929509560750518,0.010265841522327197,0.12835403287849187,0.11212260899919294,0.039957266071774605,-0.13311321010684557,-0.11584488833568637,-0.17142641679548687,-0.12515147738136523,-0.06491568732590938,0.20578470202959973,0.05164608531567188,0.08097710718018171,-0.17737962375592592,-0.15003336456279331,-0.01561605237000583,0.10960678757442402,0.15854954937412422,0.1012466259687276,0.0959982974293137,0.06720137467831945,-0.017332765043638194,0.027841816762801078,0.043835781269214454
STS8,0.13554289728870725,0.02498857321619907,0.4651335919686169,0.01068065292962541,0.0615272768072569,-0.02183494063499068,0.035260339348290363,0.10909098142650178,0.37509279469350193,-0.12874238173876423,0.07780452360988405,-0.07544231733028547,-0.06785974154279552,0.13673254812924213,0.008383251063249476,-0.1052246161933015,-0.04863035061677315,0.08551510043102538,-0.07534035690350978,-0.06741120988610265,-0.009789107909548357,-0.039159484549330624,-0.09678524951286123,-0.29987973329444506,-0.005548946221923159,0.02584686133094903,-0.3768203997837994,-0.11173414118681828
STS9,-0.05830180185447664,-0.02833807538178036,0.47815553689091844,-0.07410296662502713,0.12130917926231165,-0.045016581879045434,0.0019524210295307372,0.02182136915508416,0.18457851169828188,-0.210263076063463,0.03691980694739413,-0.18235247222330295,0.02586725868190502,0.10308489900941896,-0.02519844518571235,-0.05618164744875688,-0.04820644612679784,0.19033934426633556,0.08977324346663185,0.020197598483165033,-0.043219287804786566,-0.10014371082162976,0.06416260658041308,-0.010478909151774012,-0.019480326406142744,-0.029691002592678362,-0.09900648989811668,-0.04356784384561904
STS10,0.0531306011445395,0.07264740770607557,0.6596792410663864,0.07118291199989452,-0.05992307693429668,-0.00921073345563309,-0.09939050359269191,-0.10800646630303593,0.13377986868917704,0.0031579735440990095,-0.03309881953437453,0.02475130912502361,-0.05581609979724722,-0.03175632862432728,-0.009537747698775618,-0.0010250846582777746,0.0006921878325953825,-0.04650188739498804,0.08156774983604997,0.0720890985182808,-0.08599663348867527,-0.021611506237277305,-0.16834599633306596,0.03686905067272877,-0.20070635018089605,-0.009587673617909796,-0.027511711085218066,-0.028926373485582923
STS11,0.06592442513639807,0.139049403869872,0.4099866735708637,-0.07454150315543089,0.05711405517643224,-0.011356687011585782,0.001024904503170134,0.11681918181074627,0.13169120996466793,0.25007779161039284,-0.03985013128819875,0.0032179463848979522,0.006816294273153809,-0.012239799177119324,0.008812286418873385,-0.007923441430559671,0.12513643341422045,0.13501142619114367,0.0851402093625524,-0.08462490454675585,-0.010604585202796755,-0.08817100620604931,-0.004902644942328457,-0.14674597694942879,-0.09143401946705708,0.09273275395993645,0.11666622760653693,-0.0553058777323654
IPS1,-0.05678293090295239,0.05479827368871584,0.1388580761388304,-0.07693808999993644,-0.01356228066352502,0.024075309852225557,0.1573472923526477,-0.21679529384740817,0.2677476018859897,0.1664393474856251,0.2787701222989022,-0.06897953875051006,0.021221435054562487,-0.06602529558965001,-0.06551491369874339,0.004024795855404867,0.03295083741617589,-0.22322797236893122,0.14595680055147695,0.1582833889645454,0.014348658053277548,0.10373246430765375,0.08794427734440395,0.02323436488273541,-0.0013664479987469582,-0.0013239428477474743,-0.0320600074641293,0.08933585701911272
IPS2,-0.011046225840106106,0.011214300895188718,0.32132993905514823,0.2019685793816188,-0.022888208413448633,0.013275247042739878,-0.31775289468673806,-0.12466797030235179,0.01779965578450134,0.25027110938167496,0.6091207159713493,0.11749472858717103,-0.01146402975786572,0.14546069904072376,0.05419535040866717,-0.07412064100453336,-0.10236173246842761,0.06135125370487921,0.34489537942995574,-0.0951186378306962,-0.032290865095225156,-0.020009499381844,0.044062106816926044,0.20768097586363474,-0.20404130275402543,0.02068836108954683,0.033954667782903236,-0.020615586205985754
IPS3,0.09145606741000727,0.07747072255736685,0.11338467574421962,0.03755877679575985,-0.0370050870373306,0.060571781275633396,-0.190365230640515,0.03045964331621821,0.0944547043364416,1.0158510551276592,0.4012199828493742,-0.08328436572396816,0.17572855881321556,-0.03194490176892731,0.05358074408992829,0.04639391604877702,0.047224914954982294,-0.06264477270816175,-0.1323263612335984,0.03820606604058278,0.061716536308595804,0.08118502234111728,-0.16653013112057552,0.02483137526577844,-0.1701377735652093,-0.011590912159948754,-0.054475793253204265,0.057999660038005975
IPS4,-0.018873016114656364,0.006833012273156943,0.061780613902186664,-0.005285720722216549,0.02039398381751539,-0.033611938062970095,-0.04217100721436588,-0.07873033615251772,0.43540855255863953,0.2623661155261845,0.3334792442807949,0.07765870968168248,-0.20157573811068105,-0.22149537885927284,-0.11463570294586817,0.12851650107476736,0.0661271941951196,0.09791968198971412,0.04087558945871649,-0.09265402465691047,0.04671418095874161,0.04995419263641131,0.07663957425366012,-0.03430148442461774,0.1419360192779527,0.11050394017259678,0.046207347344324516,0.08853960895291864
IPS5,0.039112736673778695,-0.09894255506407353,0.08789803050238529,-0.15016251334741137,-0.006831450998902473,0.021373110697980292,0.18090513271629233,0.05416875253094938,0.131306151674146,0.44395318390819544,0.9517347121259806,0.01304041912586049,0.017475570316552422,0.008123385105967208,-0.1418321660803299,0.22943291662370602,-0.05059173434244501,0.05629015381242406,0.16261402951826948,0.009888728547517843,0.04899131834096938,-0.035313011986602236,-0.05618968644734201,-0.007264209486351097,0.12994362278765298,-0.01811877478340242,-0.05482640894620763,0.06968599977632396
IPS6,0.05157076285974005,0.09531276183623091,-0.08907417959114056,0.04731825897550384,0.1309531291321548,-0.015254848093100527,-0.06960216254639841,0.12780896154083218,0.037009227795592334,-0.02558018382382763,-0.11199236297445848,-0.11364547255236014,0.12474055010986336,0.23334504348372087,-0.13829755463394128,-0.04461071084302156,-0.015683703056790094,-0.06553914064900938,0.07017923990796233,-0.07254558418569966,-0.013118214678538371,0.2622360768927059,-0.09417452435862647,0.032653659915699594,0.04445383376276308,-0.07963808315015164,0.11002111631493901,-0.04713968085715043
IPS7,-0.10488131042222228,-0.05950618299382208,0.17158994439825132,0.00527550929496099,-0.18409749414891183,0.040980368110195946,0.1254048712243628,0.005258794865349384,0.4655658941941214,0.06235228044239568,0.16794029176725797,0.028682596487337345,0.09591614173557286,0.06487948224244264,0.057190693468734496,0.13329659457360812,0.01520741422710956,0.07102426916877055,0.05250477332667966,-0.16164894550816952,-0.030504809306059352,0.27823484458519715,-5.64241970756694e-05,0.04248525694864508,-0.09842320321559475,-0.08171268524076812,0.01761976881177107,-0.05661474466876003
IPS8,0.004225536508986148,-0.04683203676098648,-0.07026420605066201,-0.061100153860622494,0.0004206144305641458,-0.024974816065978605,-0.019068345678624105,-0.0837053776426339,0.7426688483598102,0.050060442395975686,0.023796547825287315,-0.08972222163560925,-0.028595352219454587,0.03210157697313319,-0.05265407401356359,-0.08290170383156434,0.03390003073214855,0.030724503891648238,0.02425341286088836,0.03921199699190626,0.030369322344770296,-0.061933327125907614,-0.1279425795023176,-0.024351532358207625,0.046952156711480696,-0.04766055189274848,0.06033019986910645,-0.0796263106885016
IPS9,-0.03132051324002396,-0.0628285996769507,-0.024019785111458768,0.06478860172267349,0.02067395913488857,0.00223906348345941,-0.038644808365388854,0.15002381833040535,0.6581109575674425,0.08885756484108105,-0.006210336848081189,0.07326424564726385,-0.02599083461187323,0.02650683214853956,-0.16310212558663348,-0.014390623245718437,-0.17572959954892095,0.07276457288538009,-0.2547219911801986,0.006034641429131007,-0.11629647904825793,0.08826083661300164,0.018651065734964313,0.03396855729557892,-0.081556344465446,-0.009881336397678334,-0.010225583428021165,0.010355814744883255
SSRL1,-0.042951825440878375,-0.15707592120693664,-0.06162838092894708,-0.01789356230914158,0.0016324066482394115,0.07609600830238336,-0.08163002346096705,0.1894499832609907,0.5482540358749955,-0.0887835471932323,-0.2160713473149526,-0.05036167920034874,0.2803267919482014,-0.008423956127432438,-0.1367918518015801,0.16838143467553685,0.007928994576055719,0.10698264528211635,0.06475665354754631,0.026159231790995163,0.2009993251766333,0.014397335433844536,-0.021157742931712527,-0.05231895708271349,-0.04645232180137253,0.10989293846157829,0.0710660588208018,0.06336346233653303
SSRL2,0.1667286647298458,-0.0008709823383811786,0.2320335833499738,0.007215921549227707,-0.20149995687767025,0.09632657524566866,-0.14971735601379482,-0.21028811679492113,0.08337363915150804,-0.14848743607310028,-0.5587492782955105,0.021886253871759288,0.19255374192559951,0.10859137384408855,0.08068813999693694,0.017689350300442577,-0.01890254642562682,0.12399884511303771,0.24635094986207526,0.030176541140780205,0.09616014317314472,0.04977828875713278,-0.08071023166103475,0.06460719263312992,0.006756610479175388,0.025515704210097304,0.22160474002877814,0.021016660026219516
SSRL3,0.06837994513823292,0.0689437191608405,-0.04468856018184569,-0.056276604992150245,-0.24011211565373528,-0.03447973599459646,0.27466459915372776,-0.04295469998851923,0.5085556811100207,-0.002789167045023156,0.01854457214178073,-0.06600244546502869,-0.00990743805088984,0.026096570355672772,0.07539907804785446,-0.02308240361156736,-0.10347739580251504,0.10178188567531452,-0.1502822101962555,0.14758963075199535,0.07171943355509712,-0.11400994811212661,0.0020576486682210666,-0.1902752938659239,0.03385991212167709,0.023725625909653946,0.27560710003651523,-0.03032318284342303
SSRL4,-0.034087039268836376,0.09948524854699278,-0.025856626519385206,0.007672867762083605,0.1123081730679129,-0.11822283450839678,0.0650119923435377,0.016513148955855296,0.11012259591455158,-0.05696250868950836,-0.09349584051505117,-0.027867744833197493,-0.12820155730248192,0.03903419072632799,0.09711182143578358,0.13591081967538315,0.042889328445673405,0.10613830520074155,0.04685415218572386,-0.05940280654698638,0.17565133725033857,0.009986316832675413,0.06859373343787252,0.07693250964964224,0.03155821928564045,-0.07230283757132099,0.7454200302966714,0.050025750219024646
SSRL5,0.10777928453158965,-0.05968209990035446,0.05775892095045571,-0.16700929747440924,0.32866272637815075,0.09448216968497353,-0.16575029816481643,-0.005526688819201788,0.002155144400872551,-0.06493042477235401,0.05589122227393002,-0.021047028348749573,0.2293888583769998,0.032907839745907955,-0.13230075744246872,-0.14622623768276952,-0.030935391057972356,0.10876902253386665,-0.018447439420998267,0.03613350304412433,0.6428313701039028,-0.12326250603157883,0.014705425369235511,0.1027975745765357,0.4931572282437227,-0.04252268431325509,0.22157728046673053,-0.14402224312285325
SSRL6,0.028658584379931067,-0.02194635531757212,0.03707259207675551,0.05113229773156213,-0.14656641473980936,-0.1209876968757929,-0.016192997564705575,-0.04097502431938999,0.00998642252530227,0.10118085125117247,-0.031556254148461096,-0.0732613530803943,0.03833984797868958,0.0023959813005704923,0.04793690194978694,0.2907575892959041,0.1607599493042537,0.11162982857626498,-0.0359105624989409,-0.02976381864616769,0.7844646553521183,0.02939700686624425,-0.058052945617404296,0.010193574782208148,0.13700768726101464,-0.01691141844780827,0.11906647537706981,0.13106912849392283
SSRL7,0.030063886438037472,-0.05954587309070642,0.06176308538006802,0.13130084823538352,-0.0839056842127952,-0.03798989317925181,-0.11565414973152745,0.028408370527781574,0.19575647251076475,0.19194123792098372,0.02814863537986425,-0.10092471717089577,0.02483123679328113,0.02783241832973904,0.0560117452644011,-0.18168815588678042,0.0749071659839509,0.21040744070718112,-0.22709092055887123,-0.05056899273850469,0.30712838982289065,-0.040578691294445954,0.011812466427101586,0.2001083087196413,0.0007292109856593369,-0.054483694593918795,0.19112953057577048,0.03189471931497444
SSRL8,0.15862842943174568,0.07023308948864156,-0.13202439481423403,-0.035992508720088454,0.14568788977234468,-0.07621937557427425,-0.02914151217743739,0.21026804223965442,0.13922134957657376,-0.061070683439085734,0.0073297956818183475,0.10229409088051762,-0.07242941971163261,-0.09890293588173793,-0.0037183682100365325,-0.08556356286639505,-0.05261302676742393,0.8500721025551204,0.10589639655448019,-0.041744098702737875,0.1401586198686681,0.191936592965001,0.09299516870322583,0.03139328119003734,0.17112800966926056,0.10381336550747376,0.09719740149780569,0.0031748641886575595
SSRL9,-0.04594470855205224,0.11729227526991665,-0.15404372026499535,0.009149640205632189,0.21720946634964683,-0.11642755163529203,0.11659522880751039,0.054797480116367474,-0.022184709029501346,-0.19611408570896469,0.026687483447064442,-0.05481072491345599,0.17832240468011046,-0.04117983765734668,0.009906230214156687,-0.11284499211648301,-0.014249313987066328,0.189394668275367,0.03241222405457958,-0.08395094667131447,0.27023164795220267,0.03324665962740417,-0.039807629469502906,0.12208507382144673,0.7697668399882915,0.10694341799392246,0.040270234976381415,-0.016263488488710825
SSRL10,0.19577493910346266,0.01273650966571595,-0.01482883204255679,-0.004920518881953702,-0.2480675693944509,0.025482807052180173,0.3226409470672458,-0.041590197759328734,0.04782874246783857,0.09519405100783504,-0.038373172021576724,0.22586980640202994,0.05113429777582131,-0.13035069920761244,0.23333415487528367,-0.10127468597772958,-0.08102095758120476,0.23739917123745866,-0.06996571615572536,-0.016653471422686646,-0.013826840377245872,0.898016832034266,0.03449856009877474,0.16535181498429954,0.026636446195619362,-0.02187659228608033,-0.004737337524435115,-0.0778025282470901
SSRL11,-0.04526881569917618,-0.019673047049406957,0.0002962715413279916,-0.04307637219051385,0.1095901776257168,0.09502983543721912,0.07133843338249699,0.011429519093142812,-0.07331678501722652,-0.017937751182595187,0.04201644214551198,-0.046082499360532526,0.09255087758354803,-0.0498923693816898,0.22639026656251926,-0.05154529525751357,-0.0504896885837966,0.07152125926811363,0.048556134410472504,0.17265670798062854,0.06353901140779697,0.17956662155828657,-0.031414582728515925,0.7707985202778156,0.13688637621898628,-0.038957383454114265,0.0998169601516495,0.09133100272483165
SSRL12,0.14534656389421127,-0.03304129458041608,0.06710468389426312,-0.0008838294028608285,-0.191179406785419,0.03388449083669367,0.9415802300512731,0.036917414876752014,0.012014020802049503,-0.1476686948356737,0.08877958041730709,-0.05959958862365446,-0.13757397467497567,0.06458734632899416,0.2144030498279288,-0.04239302569759802,-0.010579305563432484,-0.03445924653042828,0.03928783911912689,0.06546898863530047,-0.05047287970278142,0.26047014702798715,0.005030279068837233,0.01411692502589108,0.04959676545931546,-0.02871322843213985,0.0947285258111164,-0.0325674378740477
SSRL13,0.27826225033053403,-0.07322667607749397,-0.09552296646987506,0.04015781173123176,0.0036928707809698795,0.0800449716914647,-0.037447866277567354,0.0844621514620009,-0.00811845676000248,0.1487100339984141,-0.0359246367452203,-0.005960618018418307,0.2971837475603566,0.10463495116861127,0.17089496859547487,-0.05409349443803013,-0.13296814997710582,-0.11734629265282649,-0.0512482328663483,0.04693026110578572,-0.05405649747062484,-0.05881393637534197,-0.025767936569676214,0.4179460558493494,0.009193499389571641,-0.026813264865844295,-0.06979882889676653,0.05341859171117139
SSRL14,0.05188748524213076,-0.03345787397845746,0.012344457405033827,0.12437799473609784,-0.18558819357864598,-0.05792379864556698,-0.11665708960176588,0.045110377182061345,-0.00024882829780089834,0.1483819111977108,-0.03772414072578405,0.08650382306541872,0.9274025268075938,0.011618325104092192,0.15380878055992003,-0.08584724246211464,-0.09513222647152535,-0.09084536988981431,0.180176226132019,-0.039442072461472445,0.12709086788815432,0.05509122206034099,-0.07670440392028012,0.12567833434185927,0.13650659273520788,-0.055486705520510694,-0.09747379021652727,0.014101798306864737
SSRL15,-0.06018890817316119,0.09284933165261,0.10194205916668027,-0.051257297322764156,-0.047757010253467756,0.10478594819362827,0.24845129417061673,-0.28399441821445354,-0.14098814900916373,0.06043983694016457,-0.09090043949236527,-0.11670111341897481,0.16982864595834854,-0.031215508366964965,0.8769332019630827,0.02797283492289777,0.015629765601608992,0.007405682591160751,-0.03579155364080038,-0.05134104492118208,-0.010867513192447708,0.18324884545396866,0.09040185931747936,0.22859328010928837,0.006349720289201327,0.006470079111822061,0.08682188549340704,0.01293173056841228
SSRL16,-0.02101087306260754,-0.04968563555528787,0.027237349785656173,-0.05653555630192016,-0.01411583687911479,0.11010174376760043,0.06364869896670024,-0.21133102182941782,0.24578064299698182,-0.10603098589697858,-0.14053078772233737,0.11051768709864009,0.15554229860710256,-0.0858255928879816,0.3642055352750327,-0.05574792164981629,-0.00409190462280463,0.057163341489078624,0.033591176858910124,0.06615594054070462,-0.05160501386464331,0.03213914572673323,0.19715191388489212,-0.0450648106067102,-0.24474674800705037,0.0640434121191217,0.05858053299802975,0.008713561719190532
SSRL17,0.07621236535010667,0.03334194849331783,0.07795191611404555,-0.02187039030628002,0.2700963602382596,-0.038879514172645416,-0.22735154334745727,0.07019577301425024,0.10040912773829054,0.14563187246142825,-0.03552603763738434,0.004484857418110341,0.3627415157897837,-0.15337960698130151,0.1652118789968592,-0.002593607599473127,-0.0030648421046951427,0.1568324846588742,-0.02164021946161084,-0.03307426879559638,-0.17236509364458333,-0.017057102447355515,0.10296830279195869,0.0879877951041298,0.15333474436393982,0.00802950719289946,-0.06230150228004042,0.12073184740948627
SDS1,0.3084285005136818,-0.08672598121985724,0.059344380517556,0.17101618281078837,1.239393490098493,0.01598839560759838,-0.18666210120723808,0.44232965715360056,-0.06628601061850664,-0.038912923921975144,0.04696869563451131,-0.12654754511856506,-0.14434409553936783,-0.10493942672979127,-0.04405986886847357,0.12242368495098119,0.15332483751093678,0.13710463303929307,-0.015027627029024021,0.05201712761725498,-0.022534771965523396,-0.18339022353472892,0.051201214544229774,0.07613618522686495,0.18171533866956266,-0.06667517176539556,0.10190930193579059,-0.21069872328193304
SDS4,-0.09437266498563412,-0.13128102071542228,-0.053897477365149715,0.25419757779367125,0.24627219457696686,0.24483701867748975,0.02022904942811009,0.1720754708034142,0.030376733339511502,0.17476290985719622,0.012837296451270132,0.13706155211780335,-0.07814889106859892,0.16684199967161964,0.07911930801309439,-0.16745455562478936,0.12963819272630372,0.11664711684202204,0.08835407551451617,0.06518957250780182,0.002772014851406285,0.14173310529956226,0.051138222697309256,-0.24861668325393044,0.07223865258315229,0.04958649058071712,-0.08432818329232683,-0.015420730979716997
SDS8,0.033772712017197296,-0.1301204357563759,0.045435111903276086,0.4111877577719493,-0.15666152708785505,-0.011504634029536727,0.3166299987860616,0.3497979310640138,-0.10738173842519713,-0.34337432005263435,0.0022813916325449125,0.06067322420100902,0.08185096467733227,-0.12804652485103005,-0.26702218577876363,0.12015501513479784,0.06953448396380986,0.21840215728004575,0.48463930050438586,0.04409463514677472,-0.04520922287847982,0.07784011784065077,0.06585213670525736,0.04920081757331133,0.07785601529996784,0.06083142392424339,0.12625124366635052,0.05489158298060278
SDS11,-0.17529193487325945,0.15570806397400547,0.13311365449619578,0.20587587653452655,0.02200378744084886,0.16306614613792558,0.3825178521865773,-0.028878412670044967,0.1278059415341839,0.028378748114735168,-0.1494230159704771,-0.006768785360739116,-0.18738616953416057,0.05348727095083324,0.11742829796154716,0.0010457002277798509,0.03858027102440688,0.1147854997615808,0.08693300132027983,0.015413409594670083,-0.10347687573200752,-0.10522175301572016,-0.16736040049673367,0.09324264033768478,0.11185765189313189,-0.2117125628645016,-0.02618185247540191,0.1542898589185487
SDS14,-0.11593357943803195,0.083551433880064,0.004764176140611179,0.5941457758927773,0.4425869664876092,0.01694415999309117,-0.11981088542235277,0.038865580131046566,0.10940137339961149,-0.015270526387784214,-0.05629742866280333,0.04344365183078237,0.06259459591162617,0.02011772304290111,0.010884246193915316,0.5032133431617002,-0.051310030823963,-0.1454911411157738,0.07706412439515015,0.005010559244455142,0.22113764393943244,-0.0898345989522376,0.05527936719940317,0.06450887967987771,-0.05246908979057489,-0.11867553323384418,-0.0909311063118018,-0.2151478064033974
SDS17,-0.1896930696969977,-0.0019457123956337834,0.01746138764274911,0.26082121722397805,0.4835167556781927,0.25780232212836823,0.03581549885903977,1.065709217139257,0.03450226359477415,0.027936668486368662,0.052939342551972114,0.009936348277597465,0.07274985407106158,-0.03877655076912357,-0.29436549771253284,0.04197215877661496,-0.008157330574855043,0.19702443290348598,0.042317776885289086,0.1260008002997161,-0.04290805992794673,-0.0224191899066194,0.021089762390081434,0.012416726741585758,0.048608728636669686,-0.0333577996517749,0.010690181749356036,0.07960033112870703
SDS20,0.15030820184647867,-0.048217812461348875,0.021743470796206057,0.09638274289314264,0.05208095329186782,0.6195065483163171,0.4090796939344316,0.1604225968609241,-0.00973925729680129,-0.011967993788343293,0.017350379442688232,0.0379346441934885,-0.20613116617824648,-0.05297832441620506,0.12753200259352013,0.09230009345612292,-0.034105557668598595,-0.0060769550704424845,0.04814917172117896,-0.025928497031048603,0.04826061100711426,-0.09273420872806147,0.0455748717544425,0.11498906762943253,-0.11631528279597737,0.09081597540693317,-0.04095324954810978,-0.0006090014242605305
SDS3,-0.023833694954352592,-0.1492435604203333,-0.04518627635935964,0.16965863026414782,0.08580877695857488,0.21194647847940604,0.06617110248148453,-0.14135537905935544,0.0724517506592201,-0.1636956993550767,-0.04021263529718029,0.18169051494235902,-0.07590797190825033,0.04816993655464712,0.11310470183824636,0.03718858086641439,0.17551206471629954,-0.05182508711303608,-0.07835080262309349,0.04072823357474367,-0.05815154910984728,0.0948606654299748,0.42349837572167015,-0.0887946466946289,0.011663107389070058,-0.027034523026323615,0.22144878612474625,-0.09201808089161767
SDS5,0.10767481436897126,-0.01684712051115927,-0.11934908393757705,0.7130213311475782,0.21238871674227433,-0.04111735049356677,-0.07389920380996275,-0.0003941928460382675,-0.053370286243506156,0.028138368695983216,0.0746635440672783,-0.07861773007778741,-0.0914761210718603,0.08887709617830616,-0.007249758043695227,0.12660780778603115,-0.02653145220243012,0.07278645620118097,0.24763826692953722,0.055103944273021815,-0.13484896355571213,0.02673392768170329,0.04358586538309068,0.04509594084296051,-0.09513812137290863,0.1175133296887664,0.13513302710897795,0.02792196724229211
SDS10,-0.022797977295339885,-0.0017657657779798855,-0.014264099422074208,0.5678145096724599,0.0008630606658621071,-0.015942199172328364,0.05644140729199518,0.044854657331201774,-0.08285495115635003,-0.11379252144353064,0.18605806306510755,0.061391327352584034,0.20761843814015196,0.06717164573044192,-0.03472050557384059,0.12972586330074162,0.025251712953163474,0.1249718565195616,0.8607029802205446,0.006211285799007709,-0.027701549532132712,-0.06791918040717647,-0.02201885759254576,0.04244658224712089,0.029505295982301512,-0.02919813463842852,0.05636345330535188,0.09476088044384828
SDS13,-0.008728495318614351,0.03186869168551466,0.0036480109029174055,0.5892438312642287,0.06829184573341116,-0.0468067680289468,0.16397115749109126,0.22865441862923322,-0.04291713721592408,-0.02093872747257304,0.1527976737521713,0.0004352838701101687,0.13896799875558868,0.09440024476824091,0.08151518241697943,0.19038047366181096,-0.12927599277641535,-0.14117693418422148,0.13994155305092956,-0.06119634132639875,0.053007963191893395,0.01933314360908243,0.25020125816263006,-0.0741365016149985,0.13133195521164756,-0.11621414730577295,-0.014258309696033334,-0.03785040228986341
SDS15,0.09748936123308947,-0.011098603293450688,-0.12921901703324146,-0.027308629692966782,-0.059531687130541126,0.47921507923357315,0.38516919022369595,-0.06833991211733108,0.03404226359307983,-0.09677774125062448,0.06615955399782653,0.05048440814328455,0.08684176083900083,0.0806002650806708,-0.020529697008513054,0.13543232342636935,0.05365673094007058,0.010909031942400291,-0.014536534301038585,-0.0429728813874435,-0.024827059980264396,-0.12136272862337662,0.012214895278803092,0.11702986938770242,0.07925422958335494,0.1018244465832436,-0.22262829843124765,-0.10913461985654006
SDS19,0.06433500267795948,0.08770905037513163,-0.053166653310961175,-0.09326201690977287,-0.06521084577755766,0.8690467102461511,0.22344495204101658,0.3235834960970874,0.01182241910705202,0.11426533299802634,-0.018035600148057027,0.09401160528107393,0.05450723018402708,-0.028649432125500404,0.07618439174092449,-0.03545845393292516,-0.08130122845412843,-0.009906607525818243,-0.09796056993485448,-0.044430982733164655,-0.010664463613490782,0.14993179482854052,-0.0056140517712145715,-0.020573234980607723,-0.06286162421843382,0.014744125002444009,-0.11322175044030487,0.04875165820001259
SDS2,-0.09351033844354183,0.07119162837690017,0.013779239843577724,0.709213757611273,-0.14790100190680175,-0.052104155227870666,0.01455563689826231,-0.13149072582988142,-0.0075762213534043025,0.05417660678540143,-0.12853283619270048,-0.1230228677164477,0.05939402672451593,0.07331210734799959,0.1257919168367251,0.044221497092138067,0.08972386288514637,-0.037037524914457505,-0.14791347009574818,-0.10822340565149598,0.06297218180020174,0.07587729963131572,0.13096844041822786,0.07525488484889299,0.2602475175713967,0.07423543847426876,-0.10133691459333143,-0.0652444825223313
SDS6,0.06614141248970601,-0.11011079763639077,0.09244170233419909,0.8213198051473477,0.12170366686919121,-0.06635824943865644,0.005248297756205626,0.27045679487473234,-0.11273989798819793,0.09129752345565381,-0.12471912755496165,-0.08596743636799267,-0.0570177806850942,-0.08763210040595217,-0.07129614413827899,-0.046970053988941544,-0.06578959110918123,0.1526741503187185,0.08052020356029929,0.0031451583173632185,-0.1083323546142591,0.09680859166781863,-0.047897323336245766,-0.013306452583254443,-0.010132988569427775,0.08931724312205382,-0.04898551800535586,-0.05180590923770984
SDS7,0.018599465577844882,-0.0017917806150960364,-0.033284280675692786,-0.030228742640503098,0.011436958367307888,0.7331150921646364,-0.15640876971353693,-0.12266924894492191,-0.07882907780720341,-0.012501246347103388,-0.06360211832592964,-0.07985400989146416,-0.03336176501044298,0.11826267856863484,-0.02554540419377237,-0.045307045004747616,-0.037473584976233036,-0.09689823937709008,0.2537475560734961,-0.04730818387652726,-0.04792185801182065,-0.05512347799571335,0.041332391950621473,0.03502738063357374,-0.013335055217800533,0.042729826122237705,-0.053275400897436244,0.10771763818845848
SDS9,-0.015138436466030348,-0.01809495811497837,-0.004551275449172124,0.39957236515867717,0.07650128721326516,-0.11108756605662978,0.30535214363165325,-0.2192164988663923,0.13309495960418444,-0.10319555699156487,-0.10727536540697723,0.10193429941599763,0.2125795506549931,-0.18413650802780615,0.07243866221766547,0.07382382306342962,0.0485457362867347,-0.08557012429790292,0.09294758163616162,0.03805284246755312,-0.15834225325274937,0.062021182993991016,-0.10683105703726473,-0.12272385780243797,0.14345039541219004,-0.001392946102505729,-0.09583379146123801,0.004821683952291618
SDS12,-0.045930843737582286,0.1859122770632469,0.0029302959895061843,0.5527965574642418,0.16715244269692583,0.038208060456071766,-0.03885235176965436,0.07437601861207581,0.008180279990233848,0.07421399010611954,0.15023344804162744,0.09298232294459825,-0.11516567150451518,-0.14580881408083543,0.03234462319902429,0.9166209300248568,-0.05950823757409898,-0.08907921638756591,0.13298483823452364,-0.05266351578416625,0.2144473523569736,-0.10149486313927014,0.049730510138668436,-0.06638701796693186,-0.12630152935635605,-0.09612180234614902,0.16854360836888266,0.08179884974383733
SDS16,-0.015476750150552112,0.009431175363339005,-0.10261885534181735,-0.08360482616801439,0.07756708197213832,0.7756227025289413,-0.18199998805597414,0.35653112170192525,0.07242921208682342,0.07746987780518669,0.06816839056776797,0.09115584386426612,-0.11469911289198226,0.006796551040158422,0.07882757646933464,0.14978619268927879,0.11581921127058034,-0.03493890991414572,-0.2189945932357003,0.042153662427410116,-0.043257332495234134,0.04613730855920005,-0.054150886962949056,0.1739432012223356,-0.13485626425144034,0.12768754722161846,-0.02188570568785348,-0.08397323965676827
SDS18,-0.08408839463865464,0.008471641694455256,0.10928187388769614,-0.08758687605726043,0.1402092927939763,0.4559075253305403,0.1726422860921856,0.21547253495782442,0.03282891835387565,-0.014960655157368151,0.026916874040669118,-0.07767977576189387,-0.034099904962481484,-0.005729657819083772,0.13655512831692676,0.0014631171917824368,0.02685768393509469,-0.12204260694835704,0.018703720754385245,-0.11212475028350412,-0.3155446824045609,-0.19410746224595793,-0.11717255934855854,0.02737096116467366,-0.041056472402593136,-0.19450626322724218,0.3111383021432016,0.038469191199890396
SDS21,0.026830140673194974,0.06718214016256696,-0.002752369998869995,0.7148945817209642,-0.2523452215926539,0.003184597108339257,-0.05759986575266377,0.056890832256398884,0.12356372552164438,0.026903473480252918,-0.15835277619390786,0.021832277548526745,0.19878854827788475,0.043412740511481696,-0.16489921234603563,0.17038965509287185,0.0060677720317162225,-0.2458283200098162,0.14653551887123772,0.08655641636378687,0.06822538661923958,-0.137867897174214,-0.1836460004897339,-0.10837497172908843,-0.12516394299294062,-0.0077321719186534835,-0.040216472945546214,0.09918091784202858
