,0,1,2,3,4,5,6,7,8,9,10,11,12,13,14,15,16,17,18,19,20,21,22,23,24,25
K1,0.07328531362874018,-0.043255789500369,0.0364205126027496,0.04372558501740802,-0.007924727727837744,-0.04093912262393857,-0.12200048231441259,0.09622103794949516,0.06919831059827743,0.6675701520236679,0.07272145050171679,-0.11259397219706611,-0.045859866679306784,-0.09886817229801904,0.017044517756414555,-0.08417769850096304,-0.025261336386489964,-0.006466241062983153,-0.023475595279703308,0.06199186340234126,0.0205192453772631,0.048606392655433775,0.02779470041520085,-0.02578878423142694,0.26711879817992573,0.05652235555139878
K2,-0.048536088913834693,-0.03036843412407137,-0.12427350806322937,-0.020648280417932978,0.05000462481919937,0.07683316237622487,0.1899139306613566,0.14932362714762615,0.00031252390186406204,0.6518110785165382,-0.02532844473481014,0.20690692769690502,-0.11905741885464045,0.09427225713726484,0.21611928010256556,-0.19501292063577838,-0.13617812935646914,0.013052098513372952,-0.011076046554458166,0.04131088302660874,0.07549255681018563,0.09957091434356317,-0.33010176352897264,-0.07218163264949237,-0.022344819537080937,0.04862637313245284
K3,-0.22917724937723524,-0.09906000294393186,0.06486814289158555,0.10541386054871744,-0.00216047620139453,-0.06979905059922846,-0.015243951860686259,-0.044219516429066096,0.04124448625703238,0.7224638452002914,0.1364556449522975,0.05959535944660654,-0.06598875911978058,0.06910652315112331,0.24940680854453012,0.23367019181504675,-0.022185179554747494,0.15171544786557528,-0.05628869107082376,0.05225132484221617,-0.01740175399807933,0.059044820364693676,0.042347649561965246,-0.05697110198616208,-0.14043272450714567,0.03887510126901345
K4,0.050126482564575414,-0.08851019486783959,0.05522349312328163,0.10193869683720383,-0.13422616393140052,-0.059736636341943955,-0.008178215327496477,0.11414406884666002,0.008750154324821955,0.7505442802813665,0.02552164250911932,-0.05722462138023507,-0.047445951250692044,-0.1225235373480893,0.230778072073589,0.04357384224150132,-0.03261763078676778,0.028099049277406654,-0.07194997399668354,0.03841875966450741,0.1260562563236891,-0.17924545649935286,0.01961532366162414,-0.00011265982984324419,0.08243526559358412,0.02848793469991957
K5,0.1183504603709576,-0.020863791270493794,0.15809001035979844,-0.11430789928893349,0.13661581029641778,-0.006120709989028391,0.18450333382192266,-0.23806215378330847,0.058905424780917495,0.6927474217398603,-0.05981989717229699,-0.04920776847339997,-0.21592010088925248,-0.07953473848718931,0.011081643052247013,0.138871883944036,0.09216058337508574,0.11917697633038392,-0.020555915840357743,-0.08427057400946183,-0.06265947725361479,0.02044154427686805,-0.07473041688747606,-0.0579003814388984,0.012306613330339096,0.07750296189109682
K6,-0.016073002459954893,-0.11417987818307394,0.24722284743931786,0.011222608567728911,-0.17322622220935982,0.04771541398154466,-0.26970089481717807,0.021178904477969645,-0.018788904287766344,0.3597317306223934,0.07203577015413139,0.104546294207488,0.06793385435319625,0.17805656737461634,0.8248952593696665,0.05895962958537159,0.1308523531676807,0.007731444121330594,0.10183625296269241,-0.17752413044922738,-0.021904876798524077,-0.01643803880602646,0.02071790832612278,0.021292827664431663,0.11207611782418761,-0.0656668945644293
K7,0.004405381220269996,-0.14924905520754433,0.6441640529408378,0.016602870421554373,-0.024546536941795934,-0.04057436534852295,0.1533787746577464,0.06890776297398223,0.00980276267145266,0.04215100173881712,0.09406187711195965,-0.006634642303448751,-0.05461358196489524,0.042540958684698135,0.13624468525967456,0.02205455042842354,0.12036882005237344,0.03968747479931839,0.04340545414509869,-0.5296949468525926,0.08016398422971482,0.0563415767174975,-0.19735722978228284,-0.08747796260880278,0.03785024668637988,-0.001890212432941511
K8,0.0359384822970992,0.11683917630284774,0.5737111644639891,-0.09838069343036505,0.03250041545303299,0.029284083910700393,-0.06518000305232075,0.044497451387280965,0.014427790908176948,0.15924774157384652,0.031364493259106084,-0.0647542195524486,0.018807297012268836,-0.10899554077285183,0.23968797700472175,0.016144508180589903,-0.07814806218578682,0.016085741664757864,-0.03854177986085452,-0.1252977717041674,-0.02466865926055285,0.04294443133542488,-0.04919022679177646,0.08753330908002585,0.15371657962039473,0.03840647212377757
K9,0.08000824000912535,0.13522560067684258,0.4304731180515176,-0.2206158869091989,0.02209058702077755,-0.13833515202248442,0.016173567841058098,-0.16023819486258084,0.0544344141839384,0.18799153908697835,0.12490145063295187,0.01242975881534259,0.1632900380941771,-0.08201211653130035,0.12813835716046007,0.10703414107396411,-0.13522034569371685,-0.03959030746672765,0.014487551868968935,0.04083787797227216,-0.15780829825699494,0.1431817312653043,0.08484621177608981,-0.033640312888439564,0.13933024414710427,-0.20093325427095488
K10,0.32821764682396987,0.19539225481327321,0.4617840312230363,-0.13397169218299634,-0.14585281126053323,-0.17953881519221387,-0.07908174990614669,0.10820409602198607,-0.09677129578855555,0.10383351531579472,0.1949377462686292,0.08545256150272419,-0.008632511484255432,0.012310726443230988,0.09920481205808171,-0.015063789656260953,-0.005455737186875965,-0.12428005463021774,-0.12111485792880683,-0.19774108504744228,0.02617520070984137,-0.22747505289811176,0.10584150032088477,-0.03786865171661172,-0.05915514842701006,-0.1469410458382016
K11,0.1010885176388062,0.04541723510400956,0.8101954622665709,-0.10048218114865134,-0.06140876799171639,0.11290238547093394,0.014258184456514165,-0.024233055010703913,-0.17492384556126062,0.010509156051701656,-0.09598360262388238,-0.06478122473540725,0.16628535262646496,0.03133848328409254,0.1974518212909967,-0.03657358652910145,-0.03194130446220917,-0.030032851830260776,0.07376412280651629,-0.13720097722991456,0.09257202746123504,0.015083920504366577,-0.1266395282175982,-0.04490544091649768,0.010567670779950748,0.04418507906102149
K12,-0.2382711637234026,0.26583558452698924,0.5247403858843475,0.10778840597368938,-0.041550948110122235,-0.14955568168434968,-0.24178751774836715,0.09629340450690392,-0.005236575309029808,0.1794637498746483,0.029778993341311524,-0.00753842143953488,0.042699546880442855,0.08973287340910928,0.23815465288152732,-0.07351605779313072,0.0465294704578677,0.025905818125386046,0.0008132577032166173,0.10175896274196695,0.08052949038328407,-0.04049013462788786,-0.01822981539029844,0.05325019541058913,0.4502969274052737,-0.06573420095422865
K13,-0.12420655193565187,0.11264188589162635,0.33620037151377835,-0.06378623750366019,0.000993898611912174,-0.015128362622392132,0.0792422793469261,0.16870479566965454,0.09927139015035796,0.12807709381259338,0.0495916924150253,0.14821272435003766,-0.04052979306520858,-0.043073697923524334,0.06541230777787227,-0.03428388747196801,-0.0996522431036597,0.33555903768878576,0.007022324689301886,-0.11548083859931257,-0.09821448256797342,0.09793757253294298,0.04220742890468821,0.07509829438076318,0.2958853737788337,0.10026899234755987
K14,-0.09790828214066674,-0.09704299467848775,0.8733512943934799,-0.02690410145411146,0.02712704751410053,0.04545453958688546,0.07762347516154189,-0.07359446852855563,0.09458240888626183,0.020367926251268792,0.06176995601992867,-0.016532097662147083,0.03503547524265582,-0.009891335919520676,-0.15082474081867517,0.02725242832797492,0.003949222632553765,0.10446981152044081,-0.0739952375047677,0.041622492943358826,0.01407992773148533,0.12379620986373688,0.019405689821432343,-0.1135895656247232,0.050862636043339945,-0.05948368364540505
K15,-0.016914699472986152,0.005374605792597535,0.9317582676725846,0.028887486238556068,-0.1603595168744383,0.017022126159495696,-0.0850393242540069,-0.09041868747790852,0.06710861470982457,0.00903330268750183,0.11091973787837608,-0.002811353553626929,0.04451396834026641,0.10075714593386677,-0.031612689870916526,-0.04873591302217698,0.029011800676065097,-0.0738865278832859,-0.14190075308263825,0.02183388635941055,0.0305701685203871,0.0846945730605378,0.02261997382125224,-0.010502564784091986,0.07260174344068104,-0.029127801309360643
K16,0.1067266216106805,-0.1433442334686398,0.705979792069784,-0.009038043014501444,0.07303896952470355,0.13248512030260695,0.032923894607530965,-0.07578144886698779,0.05497702853151821,-0.012042223664418936,-0.09937357968587057,0.01755624912079515,-0.006981221179909457,0.050142786861552956,-0.058566068915188056,0.038693953866003127,-0.030020362109140625,0.1464624841426679,0.037739203533806,-0.09396667754042434,0.10757573692457381,-0.08486109507196728,0.018823249373878515,-0.019827541463056673,0.1366276652921295,0.02857735689727267
K17,0.06449037974821759,0.005694238672241085,0.7322380234185548,0.005026150619163547,-0.04437427423420144,0.09019829059517147,-0.026430446310649506,-0.05582981725512569,0.0014748052806712474,0.03905128558731533,0.047409500509049636,0.044022604703769355,0.019558080992642456,0.08491455929285743,-0.007516524331993719,-0.007431544510786395,0.10099448732229056,-0.012045260989784413,-0.1028618697196802,-0.028095571905552688,-0.08094459827796024,-0.06950465637127784,-0.031207449177105984,0.10707691910106307,0.020969927150362878,0.054120441486913716
K18,0.17460324227026797,0.02365789960848952,0.5458872769332815,0.001328329689093556,-0.05852248192235854,0.19888270625894208,0.14426735177962233,-0.09187089151851906,-0.020609762524570495,0.026309459843612947,0.01778872416845725,0.026645383752044782,0.01651557820606588,0.02848383575308734,0.0350088482808694,-0.23354598676457425,0.019957779802582308,0.015538576049104379,0.1919510436036911,-0.09077015594554041,-0.10345089107870417,-0.14612933157941466,0.10538819695526527,0.08090129468851527,0.0033885086594091954,-0.08448836781913492
K19,0.16980078576389074,-0.08290307033292399,0.4763416084055817,0.05429567606649,0.18372749530836752,0.028122598377919507,0.13756459443888439,0.07059313940112788,0.0125703228436815,-0.07902697849082914,-0.08584598968031606,-0.025591618173840164,0.1530532646138406,-0.06340638993277577,0.1413519050406455,-0.029902446501380277,0.08907501429291785,0.018469468930305644,0.1795879842297606,-0.21960029388632607,-0.057671596463520595,-0.07607503506288174,0.0244379450446883,0.10289712618207275,-0.005423162153105632,-0.07742929602703427
K20,0.04726830686237647,0.21561777067317467,0.356875226481454,0.05446334932271832,0.07189366654695899,0.012619235596990965,0.01286011244616716,0.12639675362536207,-0.02732321979453485,-0.06772001600611217,-0.022477651146941516,0.21646040424457247,0.13616890440844936,0.05982951335322441,-0.11072609195824508,-0.14945803711702355,0.016494346955523913,-0.09751013720233699,-0.018811795746533907,0.007227449618279333,-0.003232969847270335,-0.022848962829718242,0.10043346605928327,-0.008641588917253218,0.09777067762219577,-0.0638278435361435
VE1,0.20206067841065836,-0.06406325672987086,-0.024968140713262706,0.06048639348045525,-0.07723819724769018,0.05109095820816655,0.21831830437123498,0.20053315458709922,0.05285961665686244,0.009686136559750726,0.02953466598387488,0.6621223732896356,-0.06587260182065284,0.026605659291758007,0.10412202370028002,-0.044817413094048165,0.005521855024899294,-0.17016477028035615,-0.03711288685925579,-0.024458039396919356,-0.04828982396014674,0.14161098355215906,-0.04798028444323275,0.08800303769554159,0.05312487321066752,-0.0293790424782864
VE2,0.1308553688852904,0.291895284332594,-0.008495866432875369,-0.02235355118030117,-0.21585911497634827,0.08730612896094624,0.08844705822783824,-0.05262606817446645,0.03466204347831877,0.004067987119393371,0.08943056824698514,0.7510242814948579,0.020977244434097226,0.03172218940625753,0.10605132495926083,0.08467869108561366,-0.05580742238733263,-0.2729635025946103,-0.11964087392071597,-0.04085564597369352,-0.17366573699644564,0.26540889281834484,0.019709630405336024,0.001123500501375448,-0.022255447019587937,-0.021443312747935664
VE3,0.008103366375185127,0.0801811185670188,-0.028153680286163316,0.06432136236025092,0.2925480245448083,-0.042903747954034184,0.0005319775215509632,0.17202912920061317,0.10003486447684676,-0.1863684523682013,0.006868564982814157,0.5663971380319567,-0.05797987178942137,-0.026166494186491824,0.07841421772569875,-0.030861158821205527,-0.030145190121385543,0.1466870690287769,0.14340559961837443,-0.024043745933420433,-0.1629908693539115,0.053953892466890106,0.0077566072229056935,-0.06095500703751095,-0.0013050071567393923,0.005583038147577147
VE4,0.0462114373047451,-0.11977829557282525,0.07892755338147221,0.03780437063663977,0.03958335656520256,0.09786158285940762,0.0638605593371087,0.0815143164840829,0.11598446037401289,0.024614883893569754,-0.14427246144195305,0.6136671471345214,0.13080300070717724,-0.008532971839381731,-0.025645755474966652,-0.024977169729079263,-0.06946808576636077,0.11418279677078777,0.0846702817668045,-0.021116723047426057,0.03663758919580718,0.07264647482861476,-0.060917030201600136,-0.032915191078873085,-0.041247701058455384,0.06737633641134896
VE5,-0.03507628401283726,0.05841213686322743,0.2411385802744487,0.07782757362899544,0.004148966954642446,0.13021518731419882,0.010824683754359722,0.03793707419668295,0.06700087877453442,0.1051998471944816,-0.07099591922084894,0.3813062258481694,0.08499586724215803,-0.08515061601899297,0.008992529936421167,0.018625777077623567,0.002080417937757355,0.0814733887157044,0.16755036429741524,-0.10675933141011794,0.12313669958426313,-0.015252233418822318,-0.03246111189347162,-0.07807048930119335,0.023612046590422476,0.15311784353407815
VE6,0.17483564433603163,0.1578786957148937,0.13710823536144476,0.029781331380761167,0.059075226486602864,0.03390700328193329,-0.08465784312017871,0.2073226014529382,0.16695613173228388,0.17300556077072163,-0.031934720572601646,0.09815721108662716,-0.0029075355486783876,-0.08800789867020455,-0.22443859971887914,-0.15368047469068905,-0.03248031450227457,0.15741353108453,0.0488797045293761,-0.014831058575223637,-0.04594447318131565,-0.15380142662439247,0.012918564138411321,-0.022606910927364388,-0.08958022230091527,0.059952301160704505
VE7,0.05607892310641552,0.05852118944473425,0.07211216599427049,0.19809618426406336,0.16075211325333635,-0.029294081750053425,-0.1422972534567307,0.10411064715490993,0.07238316300114937,0.09849562842504571,-0.18076053833611383,-0.08286525921063465,-0.06519018905228753,-0.06261724348101311,-0.029189717967182505,0.03443179816687163,-0.002581591310198431,0.7795449638156332,-0.0751374816190606,-0.010050290601845828,-0.054632998257033945,0.05540930336192917,-0.003737494418864792,0.03454052241140053,0.014191320964081162,0.029711730594190928
VE8,-0.03743335396913074,0.27609259261977537,0.0458456233385903,-0.14938001273050103,0.01549283592111686,-0.14688048270221632,0.026646357974617597,-0.09015573674925854,0.09412075580449344,-0.007300635747083131,-0.07387742547546805,0.2037973437986296,0.010881492450179468,0.15999224584179478,-0.020229503282462615,0.2415291605402057,-0.003940878470997701,0.07222571104191894,0.07920422875329788,0.1552997888124318,-0.01929314830983516,0.706213951705661,-0.0402629562304299,-0.027527123751634245,-0.04456726012282919,0.00017506231437171215
VE9,0.13684532211457817,0.1671145640145038,0.2770232901244387,0.005307412310231833,0.060965313988747584,-0.05591450867248623,-0.12785590580178757,-0.10335712472583146,0.014210334625691233,-0.04903588906402244,-0.04678435123256737,0.09540891449320876,0.005851562120126979,-0.07030393448124188,0.11254490846545373,0.19473393221784496,0.020485044725055516,0.34730490855388574,0.021018600160097524,0.06316843196650412,0.02665619156765798,0.21754130467149044,0.046342772687659434,-0.027248109235972196,-0.2650971133242911,-0.1958225064725022
VE10,0.18181457689195538,0.036769585658899095,0.190768222415118,0.0326099429209217,-0.027167904894364357,0.032417859532871,-0.15783041863332262,0.26145853973339594,0.016583759209331073,0.01564149086837259,0.037356332028376266,-0.09382918702408626,-0.005363926147375482,0.0026044783324917723,0.08290078913738685,0.05066957240926337,-0.11313299521425081,0.3823956180569905,0.08044009308685117,-0.032123293828612676,0.09230975587773356,0.09664036395752819,0.0355710655386269,0.10023807507525347,-0.11440374441802098,-0.18823851731061017
VE11,0.18836736852247432,0.3976762466168207,0.04569627474234905,-0.007131061888557295,-0.015832456099397225,0.037330529098841665,-0.024921668556605697,0.20638439969676906,0.05056733482485893,0.01704522207161549,-0.027807915741140058,0.01903780370914111,-0.1032923177337952,-0.16912333459430118,-0.14617414175148108,0.0496815587458689,0.015224372732801514,0.15232173136823016,0.1284953272675958,0.057647426029062164,-0.04961337514629093,0.14381822207677725,0.04829964733289197,0.21421369838241486,0.06999979494479981,-0.0602546158855896
VE12,-0.13751556506634688,0.8143500968786157,-0.11158116541324643,-0.034149833566979565,0.09469259043276529,-0.08145640193441485,0.12256591071877114,0.0032258442668502614,-0.0750988828094395,-0.03292101759952759,-0.0979975258346662,0.2018163898014901,0.14396576541369702,-0.15549340926581642,-0.08790118549095245,0.11420539235464104,0.01135127810057152,0.06950326627463484,0.10043444337655315,-0.020111698704665993,-0.03141406879121665,0.2678859114651383,0.11964484377557606,0.08500234527847353,-0.028779661707968092,0.09204662402908727
VE13,0.07716034939424689,0.8939843738826967,0.01646630013380815,-0.12269215597065332,0.07010221471264148,-0.06285204418617127,-0.025283651372688988,0.08370884964398814,-0.1970833971800704,-0.07629456758507001,-0.014054386880762385,0.06205734818045649,0.036820790541281644,0.00011362900009631863,-0.10183256673812294,-0.022590661679393616,0.02997717024054995,0.05378003939435962,-0.02672425162734276,-0.04555378464812487,0.02208532668589905,0.11503124178470053,0.12996502395293172,0.33774709597383756,0.1366353720302913,0.03382930795250631
VE14,-0.09513910026146344,0.5191962100708861,-0.045701342687192364,0.12753747919274588,0.16897981877201412,0.028801908990981492,-0.053944186025164494,0.13081743230354564,-0.1994660212694287,0.07909731628360646,0.01623953621809911,0.09950943151673379,-0.06833007161399475,0.0686657168616363,-0.16730737661765122,0.14317148871158594,-0.059147518184796175,0.23545557610595308,-0.09329550404252304,-0.1636741235610412,0.12155453869885517,0.06900406759568789,0.04362563151143175,0.1419811211296165,-0.03542914658937834,-0.025081803920587304
VE15,0.20706165380220554,0.36827137557563777,-0.04852720828106967,-0.009906408942545578,-0.029594712148927154,-0.11067285648462323,-0.03850937848195046,0.7639749355156452,-0.2873394358508796,0.13013832250656915,0.12465531818315455,0.04308202928272459,-0.11188749230599207,-0.007401668004001265,-0.021122851752513088,-0.04779606590665048,0.06176450504160641,0.03438730736590731,-0.12067722434326127,-0.2206216831292546,0.06979404683467963,-0.0705986761676686,-0.05500840502262583,0.09157484368108405,0.11622563941133025,0.005810335769086611
VE16,-0.0519129468865063,0.27527163065186055,-0.01224215391702042,-0.039156313061851994,0.11647793947418551,-0.09897280999661295,-0.1176813932314962,0.7287518803261326,0.06795553346532847,-0.08948470721514894,-0.011841261059514397,0.18889608167951666,-0.18950361490916898,0.18469442606825634,-0.005873184662425132,-0.15785543776978775,-0.035792264154399164,0.17258354259209904,0.003982425501419585,0.02505261315111772,-0.07520160337301325,-0.08160804561159202,-0.005065004206770396,0.028772019973696307,0.09482325946872171,0.018975883161756475
VE17,-0.05028616596898422,0.5689248926218429,0.08674418496338604,0.1983643745133351,-0.18289906383719762,-0.15929417640912436,0.15521636809330652,0.2925433077195512,-0.18665796076404687,0.09313910649656691,-0.04021884690447203,0.12911149993174315,-0.10404943760390846,-0.001298365556883038,0.02766071252346769,0.12762829806944279,-0.011144808704056085,-0.08564140689748209,-0.0125932663657523,-0.03936896544011711,-0.07270919302626523,-0.05950736813447373,0.13138860459453505,-0.0929818201021476,-0.011985135708596415,-0.05902496151851012
VE18,-0.0981023761973885,0.16451695217113282,0.1602271116835483,0.018122428800966785,0.09526071793595864,0.18418674442926927,-0.07656872335442375,0.3482866177591618,-0.20586639197998569,0.01923392766734504,-0.01111239667444253,-0.03829301998382695,-0.14942259045388734,0.3158375736319234,0.15406797856073123,-0.007009276644456034,0.06763115942120543,-0.01982388958253978,0.07100124665469526,0.023319603470701885,0.0009667494211315087,0.18549674375587544,0.048173251103739344,-0.07580409023606212,-0.021791432955453414,0.05309749894687207
VE19,0.08195356830193004,0.4884433082463307,0.021260291100711703,0.049587781527277414,-0.090277686169893,0.08172913110412068,0.18407034733519884,0.2062685013816664,0.04829722521890817,0.10765529806720964,-0.007561949232309687,-0.1688187087515532,-0.00425315506010558,-0.03155958042310159,-0.16161587445469724,-0.04874499123785596,-0.13147336760317782,0.040651793488412455,-0.03735420241364929,-0.06639947872216898,0.021223031700012496,0.09964782777557803,0.09088160176950687,0.09039331486488954,-0.13560096338035837,-0.05473869429978346
VE20,0.07526633123306554,0.3592501008757394,0.10521204654574684,-0.11737572041425591,0.2579761286186924,0.11115200378204097,0.061748227177339236,0.14838410807797422,-0.016193441315325265,0.05701455428162569,0.016990210883691136,-0.2538934579721477,0.02566715640490396,0.14942327407739633,-0.0898201184704621,0.09408950690353823,0.12881098452037792,0.04927245529724565,-0.12045433451707148,-0.02842919653301826,-0.1959083107440395,0.0584585204093225,-0.09923041488844297,-0.029449476469387195,-0.0278234533212983,0.02528044520486325
VE21,0.11986395715921232,0.7001568609625151,-0.03608429009017413,-0.04809403053239056,0.038880313486030785,0.08358620170678763,-0.01975239514843109,-0.03505397974891253,0.2203837046564859,-0.03586856375919821,-0.020182676706215312,-0.11456461042039784,0.06381200483203829,0.03619869996215872,-0.135976505757684,-0.011284825207482075,-0.05130408627210563,0.17384148749835499,-0.08492979289530221,-0.05817640843075943,-0.07646951859459009,0.03316794932490487,-0.08486103063283239,-0.022068551496303473,0.04149863601674465,0.1614867123291596
VE22,0.056143963250704594,0.7771877693538204,0.07464545752408688,0.08404202897073132,-0.07371951253726657,0.06800179529154894,-0.1965287395726375,-0.011853002043107887,-0.04059618463080889,-0.06952505517845885,0.1488886399947454,0.016979467328802192,0.030318126725684184,0.11690170555524754,-0.00523613153035436,-0.05370848424934496,0.044581134531702885,-0.17432663938828669,-0.04235422411259523,0.047466479692867956,-0.05224573574697068,0.04910002608883116,-0.057918312870358445,-0.0806669919785351,0.023555331167408187,-0.024174010069207566
VE23,-0.05404700876703989,0.8944521804748848,0.11056028716260927,0.11692200341057334,-0.15606131322895025,-0.12047329760770402,0.07614462625567903,-0.23596810847941582,0.19871097999142942,-0.10238702776079128,-0.05993152937879697,-0.06551077255794548,0.06325115769789502,0.058554158524011385,-0.0003242974425526313,0.020562009103746937,-0.17905325175168366,-0.08254379670049761,0.16000593854788475,-0.013089789851025732,0.0771040984590093,-0.027073488311745338,-0.04249657803147019,-0.0019268890341559927,-0.004480070379541744,-0.08098698233066313
VE24,0.00567685708411368,0.583422862137334,0.1338319820551834,0.104626488334995,-0.06498384257987254,0.02651645188730909,-0.05846460615377132,0.1687218304175643,-0.025745192323921962,-0.1692077832175038,-0.02749609818890098,-0.06299466394813258,0.002850480673275956,0.11551883709464188,0.037229464267271986,-0.026226985386029605,-0.10755481217687474,0.1143427340863528,0.05664349584215756,-0.048172848315726526,0.09452092547925706,-0.01646442388667248,0.0963355460464695,-0.009796024180232104,0.16256196764354394,-0.0022246759314787355
VE25,-0.045719100294881306,0.45913451406199685,0.2345700932815928,0.23847772943338663,-0.07405399807912294,0.09317878823089576,0.07188774143579607,0.12346172663210157,-0.022750294503306446,-0.08025111589857314,-0.0706897096209546,-0.016647139806881536,-0.08976453680917049,-0.05167017343477792,0.011355016231020722,-0.026674251969313636,0.10699742335197435,0.1611408718081045,-0.024402763638284013,-0.09294878485577918,0.025645763449662812,0.00743910234487998,0.040329905732187366,0.017347261375046323,0.07509333806395048,-0.1263675981232165
VE26,0.09436584993802608,0.4236748303136498,0.028276277349821598,0.07729571370512972,-0.020725518901591616,0.04120291579930141,0.09396499198179249,0.14758380311207797,0.07393991849086151,0.01592772283140556,-0.1272237682811284,0.20778187581636734,-0.18855102951802188,-0.05459031212594095,0.10693424090741327,-0.08193629939126701,0.20687897850257841,-0.07673189898975055,0.03471797507754362,-0.05030423074145942,-0.06145798321620209,0.1770708401841486,-0.008799898294722447,-0.07560024918646711,0.13024282887637265,-0.0015958095337017114
VE27,0.14448600239898113,0.21947429294990917,0.25536144893755885,0.07374879975456793,0.08226739403957249,0.12229103857658068,-0.058985941486056064,0.10563238126831628,-0.09127483172129262,-0.04120616108733345,-0.16125805874895277,-0.010834324642707102,-0.11968813596514195,0.07084457914938115,0.13035367448046273,-0.05878204814178002,0.059336548644908546,0.11017573890428327,0.26414541138715264,-0.06140994199298368,0.011464922311505784,0.05231005757056181,-0.03880273736157705,-0.027068664509914884,0.0586290292433089,0.06927682417654368
ST1,0.20004561985830602,-0.05246110978542438,0.12140585836682322,-0.07860287032235437,-0.13986351453545104,0.7720513980529716,0.11211629850092511,0.007462001039052286,-0.006811103869266231,-0.042204580234034686,-0.056707793451775707,-0.01924605863838156,-0.044334604736317146,0.02795664203804712,-0.010263946797602504,-4.14436918411858e-08,-0.16203970309252538,-0.040216581017315824,0.17353050943998008,-0.07747358060597519,0.03891767134530278,-0.20277634108801665,0.012054854138719913,-0.03220534214767889,-0.2247527284682166,0.07342589762742753
ST2,0.14247430498568617,-0.074882261171122,0.1889487775694298,-0.10887392129396059,-0.10828433272844808,0.7646680807066606,-0.0711061613648107,-0.03059265325968926,-0.03592131160737079,-0.05432977463232588,0.09246986895367121,0.08113408443351595,-0.03489266415012902,0.0052315128276781515,0.03784982378952255,0.04142139234031182,-0.009737481159057227,-0.014915991165713337,0.17890073403838805,0.01163761002662997,-0.10598760800514394,-0.1389277765754625,-0.02324937711835095,-0.07458429018168093,-0.08432097797737857,0.09888096835869946
ST3,0.0593980960899756,-0.06487572074409398,0.10206875741241957,-0.0801501488361442,-0.19349100764902744,0.9502985105544173,0.062818040661583,-0.16998212971605364,0.08390066743806962,-0.033410580930727386,0.03716736878182582,0.07243399706839604,0.03762222328770428,-0.17244946267726283,0.0003688428311786729,-0.011458223368756704,0.0538179595019327,-0.033765797114985216,0.12860235997901706,0.028854715469100154,0.009980709159607925,-0.09455368840843963,0.159715926582713,0.056630772804535934,0.025213924870402887,0.06610173899665864
ST4,0.12564004188274863,-0.10074185636714794,0.011819290387708327,-0.03501602170073835,-0.14928474635597969,0.7493905248656305,-0.11636775433776211,-0.08895609464727537,0.03212234990529007,-0.031821290634595566,0.0918295176871967,0.08247345959584347,0.21267833603878672,0.023967171463729856,0.08390314464679662,0.150621708799498,0.07321983621585705,-0.00425129023220361,0.016109781241202513,0.032313570355082664,0.037897053902502906,0.07546708577782636,0.031726350668517186,-0.03932398919835532,0.09057152300127617,0.027068594535380186
ST5,0.04429857163422637,0.2173384618456003,-0.0512151296395357,0.1479912153322737,-0.33289887562818793,0.04958526285363909,-0.04523180764381819,-0.0585708016836385,0.011443173054878924,0.05633938948861982,0.0018806510135574168,0.01922263572588717,0.021809063297460102,0.10237756047286001,0.08076298321678704,0.7246478281861983,0.054011979459530304,0.03415285248159176,0.09263298461121512,0.01994212850692525,-0.0406157064253758,0.20163369796118263,0.07549976230237672,0.024766091703184657,-0.04503618501125036,-0.06778757526674582
ST6,0.17332585610477366,0.29183000419085053,-0.05739151420956291,-0.007939640995617354,-0.2693354811560497,0.055610193716381776,-0.05126409526374947,-0.2680787106552151,0.16153475846326837,0.07586495652591571,-0.10004274356768166,-0.016906503856765013,0.025510828140433213,0.1808721411861655,0.03482099066902688,0.6997938338032255,0.059094942254094375,0.019241345166480357,0.14437855466055552,0.0702173164072055,0.017282500691201925,0.25454611095082685,-0.11495525833730275,0.12226555145956124,-0.08616318804519145,0.016892720639580684
ST7,0.062479162210500386,0.06359051013617602,0.012390357572333791,0.016461046293181528,0.026747442811226256,0.1555756408031155,-0.021851361103934645,-0.12760545629903305,-0.092741987326416,-0.053340123514457306,-0.061535170168803104,0.00939327494156019,-0.12038281096039415,0.02770552136594922,0.07220351152650376,0.08781706615070513,-0.11939039836036792,-0.04690198958299448,0.6955257659021672,0.10507818581666951,0.11385675830879988,0.0886588091711832,0.05519076753004299,-0.04457117077108044,-0.03381955145284325,-0.03311788428567271
ST8,0.13044518061176383,0.2358724311586631,-0.03686571714486101,0.03364738226051128,0.17607249545531706,0.09253559667335505,-0.12137439848422163,0.1739500188919226,-0.08286163900074214,0.08110773725836082,-0.006694592487104214,-0.1040083281009579,-0.0012316811168632605,-0.05376374524793884,-0.007900309123359218,0.3180046302510339,0.09392120082199218,0.05794045511859452,0.18218446750128764,0.02988316386500136,0.02391001930448715,-0.17136274204056848,-0.20542476266823395,-0.027239677465392898,-0.009777573427657327,-0.026989016314219762
ST9,0.09812376540985755,0.1706921807524919,-0.10238142540313029,-0.030047751162233904,-0.08141962488271388,0.07174760488534127,0.17995046824048222,0.11280879621044218,0.06738387048284936,-0.04385036537134415,0.007600826199588105,0.07511733058970152,-0.07757389754408137,0.09618429255804264,0.0482705515291155,0.17068899687995642,-0.07916425214599936,-0.06731215181284232,0.5757458147251004,-0.11978523466579406,0.1008508335964338,-0.02211467091199277,0.02389696656633134,0.009576289099626323,0.18453958917743815,-0.11123048061015381
ST10,0.0031201133479414997,0.4949019796461995,0.010128777620251543,-0.10215852653093448,-0.08457793980686269,0.08368074475113209,0.0466804891894159,0.20008712021752645,0.035898708131501526,-0.061150321238363475,0.22156941159921623,-0.060210391955772505,0.03337183409051225,-0.010239331466285473,-0.1859593294293594,0.07481512757554185,0.1877690164003,-0.07679506852835713,0.1513033682950488,0.01626087943899327,-0.08049182175889831,-0.1138676691323547,-0.01107558431583345,-0.06428550469911401,0.1580448618366699,0.002907248530170063
ST11,-0.05579522528605717,0.3468949728924965,-0.13400461001209865,-0.05069124011424206,-0.11524966093782192,0.07236833784795242,0.001523419870823477,0.249648051794879,0.14108067057081236,-0.03218009049656603,0.22335482865410386,0.008001289700143506,0.01041336660622279,-0.002653655161737919,-0.18434635216231623,0.18119214550721038,0.0722169884915236,0.0712888542774344,0.15842055521938023,0.09572548195436328,-0.06671296181852027,-0.010002816942490361,-0.14299210744949042,-0.08343734916633058,0.07823290932282909,0.004721417148526694
ST12,0.08634744969553554,0.3364702671151396,-0.019737317673004243,-0.02078394539082857,-0.01752605088176405,0.01567942378973625,-0.02304863001331585,0.08081094083269967,-0.014764516390230555,-0.005181457591523833,0.07530862589003672,-0.006078580219554681,0.07237852694737633,-0.08407911216932892,-0.05499986529255683,0.32572486104986226,0.22343565600145124,0.09075100142284873,-0.004514214262506131,0.1210843063261647,-0.09547602988572233,0.09475225403620556,0.13799649966146366,-0.052048147061100954,-0.09184136621963519,0.13046977443552157
ST13,-0.08721173828159118,0.7872160267009993,-0.15344124752224342,-0.033990109895767624,-0.026826309801851127,-0.07514655682915487,0.09825507778221353,0.05463100959072965,0.05566790608549289,-0.0543839383964225,0.014925976443739683,-0.011048445804361949,0.007770734999275883,-0.19178461052611376,0.2370888210656878,0.027231553316502292,0.26577278689177997,-0.16484607937076884,0.08817238033283745,-0.004216764288261741,0.1374531323608936,-0.19780985704273668,-0.08381447145344534,0.013187936357394145,-0.0410577901618838,0.06322978085866274
ST14,-0.13163957129461507,0.35683180025573696,0.13947988333207975,0.019111845848328538,0.05957594327584961,0.022901393907615118,0.1478879572316913,0.14556734109109964,0.16026055749046753,-0.018875021845330988,-0.04160648400227271,-0.05811703885851403,0.01994030534022594,0.03604899451086985,0.17425266034239834,0.159621576127846,0.07711186680387815,-0.07323892565291297,-0.022369363898010957,0.03049257552781804,0.048786242675516726,-0.15160753578027183,0.010306006198067387,0.27021983943630834,0.05494699557264768,0.045130681585736396
ST15,-0.016078417089398257,0.39598343412452897,-0.2155821495129255,-0.05076671697814465,-0.006101926245388331,0.272395400563042,-0.08342852953817342,0.0225547312464724,0.2709638600452838,-0.06001662050323565,0.10383867025823007,0.016833698420792194,-0.08721161399472227,0.001053429902727812,0.16028543590726313,0.09400069843885384,0.363112273505267,0.194672794371254,-0.1717816071368989,-0.06820454842080456,0.04598155712553396,-0.004217192830061781,0.09482445020624675,0.01776580476333221,-0.13963645301212269,0.0003410955771335023
ST16,0.11085617999732839,0.27767893438751023,0.10706831941865608,-0.0519049240939425,0.1960112440840972,6.355086523126398e-05,-0.1078196981915381,0.027716106233648577,0.09964605091315668,-0.03280036259432182,0.17619270170937656,-0.0630154543943146,-0.06338611017926782,-0.023094096689828498,0.14356040168899525,0.06599279897997638,0.8285103994177003,-0.02217875579947091,-0.17414830982260504,-0.14493217752066345,-0.03899528557307399,-0.015500005126152634,-0.08043996029513711,-0.11505776866818028,-0.03407775504879241,0.013977953495762316
ST17,0.2412269458871402,0.2612428711881166,-0.028287766720804314,0.0422400373712684,0.11287805493162302,0.08252104424934142,-0.0882317989116429,0.1489892278582965,-0.04036995574096041,-0.026383327614465782,-0.07665277602567092,0.08283938996102581,0.09015823759922678,-0.017399759809336852,-0.04303264490949805,0.10003672571412602,0.28817347808427085,-0.031544671211331636,0.073875074776219,0.0789374361883753,-0.05237946934620653,0.004032654343339659,0.023225447096858233,-0.025700542676185916,-0.06554232595298361,-0.08833789591998344
ST18,0.07295899882082478,0.30463635924501675,-0.02566998337760296,-0.02285764965395372,0.13525347330319465,-0.07728909177453268,0.04201786548064148,0.10306571105919422,0.14326987655000753,0.04646686611263073,0.03282063688942766,-0.04199377422627234,0.0058672978927632406,0.1621810017019895,0.16123192417189158,0.1914495212066546,0.44883470870980163,-0.022400973919311472,-0.05432636834966442,-0.08830236410143709,-0.04150035341482987,0.01842035193720868,-0.054992123617827904,0.26119043962264016,0.11941373566530772,0.12111479073622307
ST19,0.0041775785200217136,-0.046614507339959435,0.11336223633096956,0.06822514858448671,-0.037752733748436525,0.12689910967532914,-0.06545915064611794,0.43462710990467734,0.1250845115617609,0.022834385304775384,-0.029607505603308118,0.1443111055587374,0.07865032330897335,0.0675294991552991,0.17522489801778912,-0.0033395046213217138,0.11591762000156546,-0.02062421997379197,-0.16526740926034372,0.043573935287846303,0.2522539864094332,-0.06058939175766717,-0.0749331031985226,-0.07714284913832456,-0.004845703693810911,0.03756230954426523
ST20,0.2807734468674272,0.15978230775877222,0.15510553251418274,-0.08030178935986644,-0.04156330693968894,0.14723593885454989,-0.11913253697216591,-0.03460695928587198,0.10060708439073647,-0.06369817914359245,0.02066915974132773,-0.03126473205552652,0.11217197805536651,-0.05305132763768867,0.12309514245128378,-0.06101897412887293,0.3292050926312288,0.025880911469847546,0.02055885662167153,0.0261525946966113,0.23135785296668532,0.057285763081104765,0.005972888737677558,-0.06799323318423464,0.03599793600500613,-0.06834575613816157
ST21,0.05714368488686048,0.19927511273558243,0.04064435088889419,0.13074399448093463,0.17136702966999967,0.1794602529570901,-0.035754441881983394,0.04020883350577458,0.020960862587433907,-0.03338657517819029,0.016341546709335363,0.022012998795683077,0.2307201010061203,0.12497927853696503,0.018033755893120867,-0.040509303290247295,0.07558409030396183,0.025954059375539303,-0.1550455828023201,-0.04852953512412522,0.18450466357375744,-0.042695632062899724,-0.05480968361272338,0.060239005881794316,-0.09853791344375272,0.01111564005998772
ST22,0.07940709081758568,0.2701698681678233,0.006630384889516436,-0.012018632148861735,-0.012176550822270999,-0.19558594491143436,0.03730596677097177,0.1651845522910456,0.417264261142661,-0.009360010149705122,0.018467893332820024,-0.023095296551094907,0.15610276589149646,0.04410237141440061,-0.006748961164143743,-0.062037403443307604,0.06785991034140341,-0.05706868410938166,-0.09513646827716844,0.16944688906329045,-0.016362239502379663,0.11996050385548532,-0.06633863028316345,0.0392026756962292,-0.02990596561315648,0.014375446778849539
ST23,-0.0009553505602283312,0.1371917732894301,0.07027426521690688,-0.03047574034873707,-0.1850866093498737,0.0645860975773021,0.01611811668256578,0.1705985904558106,0.5211557985693657,0.08980162215445657,-0.006579850819642329,0.061483736017045806,-0.11326941628788662,-0.015723818517783192,-0.1659221318711647,0.07593783670229813,-0.1076529611600014,-0.08898625385810527,-0.062449676211363284,0.17220964662118662,0.19185827349446322,0.0517259330518118,0.08416086781024369,0.021861653122739702,-0.1448894561043757,0.03902465377870512
ST24,0.08566005595990436,0.07208238101799934,0.14023084138983677,-0.0017649219993430437,-0.007723368891347983,0.07153872783600768,0.10652167519548958,0.12781419067011654,0.50984679711616,0.04410005893376498,-0.0041513455592531185,0.00216718391337559,-0.08710558678837002,0.0006228549172445992,-0.21503677835560767,-0.06019363324674138,-0.18596113118818006,0.05616721024342562,-0.04261678621579874,0.1288804995309121,0.11019829294890499,0.05877297428912967,-0.002561846149761103,0.03671321657675757,-0.03841446151166995,0.031026258187467407
ST25,0.27904746759806015,-0.06021260586553498,0.09353700140673157,0.07265919448006362,0.013983888801306778,0.12799299540239453,-0.07900012260244356,0.09274443667692359,0.4028446998608769,-0.043594769892830704,-0.02134379472706977,0.02298731109610917,-0.15896805748465362,-0.029858396604181985,-0.16039594993567993,0.04282501079150449,0.0709165548049041,-0.004571358910099366,-0.12433356769723798,0.17307130093880974,0.19845036838780172,-0.016405686243028954,0.12558576169138208,-0.003815555355492824,0.0673037893521882,-0.14063871460799138
ST26,-0.09374676335676214,0.04078431207910451,-0.0774986590627798,0.045048224778157384,-0.0923111723907176,-0.01772959385273797,0.08068825022110869,-0.24510381530504324,0.9010703108312614,0.0725433614548272,-0.03787190740298089,0.1300274927856105,-0.09539613063466355,0.06437525511593654,0.04766571965332827,0.10327837324459822,0.1434388182254588,0.15850932915162552,-0.03347902961248845,0.028087680016747125,-0.015588392166673673,0.041771194539437326,-0.09500609755283652,-0.028161803574324254,0.09788288808763589,-0.0194129426532127
ST27,-0.14216864265768214,-0.0015980997538360894,0.06510235024463863,0.0021649741205705757,0.2668122702749973,0.11988660479998835,0.13002353553423976,-0.21369734087070733,0.6153882224719711,-0.011986731259094467,-0.07834255289525219,0.030177142794221384,0.0632778472587169,0.10561889245562636,0.0814722308070212,-0.024821094675960845,0.06655317323882415,-0.01735614342204935,-0.033988788126649586,0.015662733981043134,0.05677585441245926,0.0599282473382006,0.11071538773480753,-0.04177353644515364,0.02266623398543705,-0.0528802700096085
ST28,-0.037451863194236164,0.024982930770833515,0.12039228396407052,-0.060216281973762414,0.1361724432738046,-0.044782759767205506,-0.0930049004924241,0.13028333238191642,0.06443166663539825,-0.06743684788327176,0.15991204444847007,0.004624332769463711,-0.11868570923973575,0.7334974188490234,0.12668220887843826,0.1115964921607731,0.0010352993797483818,-0.10609125725164116,0.052754254758096926,0.11207005350374388,0.05926548122517974,0.1426891190473623,-0.06359189227616424,0.060409890625163935,0.03650792452737268,-0.07705764513948377
ST29,0.0980444013586362,-0.1111073779047874,0.11092450701734902,0.05011678474155277,0.14435528537111378,-0.09872332759956823,0.009731569348260255,0.06511464769395048,0.14792688115160071,-0.09097513948189238,0.1271693414243391,0.036289739989991764,-0.1413008738529084,0.7444971960495826,0.09711659851884119,0.13356776795903785,-0.016817923540737276,-0.005092094847373602,0.049247264365779406,0.025513237261807646,0.12707051565934338,0.17705859360290796,-0.06630314371480657,0.06357952900748857,0.08860209409634144,-0.07452524106143846
ST30,0.21037069659126723,0.014203313256356933,-0.015251762758394393,-0.1379597335134401,0.45050706662499407,0.004438679416275184,0.11200711783359439,-0.05611379200218411,0.1168501891724231,0.05976748206705383,0.11206008726938292,-0.0457783609460612,-0.15845832954956718,0.28363341849151297,-0.12370519124794263,0.14042448036364624,0.1298815721540237,-0.22147497176579453,0.14308493575854847,-0.117295040165706,0.19799933098264635,-0.10836723831748846,0.024852776569114898,0.07025751704122864,-0.13383167393049478,-0.059419859717985316
ST31,-0.010345888049241275,0.6001331454598732,-0.004818657113931424,-0.0030265038818042774,-0.1214482113925086,-0.17543386377535242,0.23692527915631043,-0.1393721236123512,0.30476921299395,0.11481066399762305,-0.23727932134355098,-0.08869973009217748,0.03749524461957811,0.019677367711514206,0.11622738835066572,0.023039549507583103,0.0713034540711658,-0.09356581059711801,0.06331927428062953,-0.11427347108232135,0.12967142373548843,0.06650307747075213,0.01912678836173939,-0.06579401210843143,-0.012588275758059146,0.1015989892874972
ST32,0.23300618687771413,0.01665530904595678,0.0733869458024935,0.009146411388503552,0.07034686270389949,-0.014964684316476328,0.11657335201439946,0.12080098290154676,0.048782046685641456,0.03753788847054117,-0.05332479206201792,-0.014902362910477786,0.08250402762538364,0.12306089223457667,-0.07622837898070886,-0.01926245389711965,-0.0997779704200434,-0.14673609280233454,0.08840185283000002,0.017336938298011178,0.5235798297581473,0.020228295946919873,-0.030537873160614747,-0.07326528992331284,-0.010862713923257423,0.007838185266138843
ST33,0.3679564479361626,-0.01717318841992899,0.012442934953398021,0.06630841491791588,0.07234084335061447,0.017832403480192334,-0.14078970931299217,-0.055282407492936045,0.1383420453717389,0.08554246697082005,-0.07476959364574116,-0.17013648924904776,0.044281822511975155,0.060964824032228894,0.04451558541705418,-0.02053725862493459,-0.02365208948709893,-0.003099852292061008,0.20069834128165223,-0.045510652978969515,0.675021800090835,-0.10021480010495666,-0.02365914476641262,-0.0995453293572184,0.049592442318169325,-0.1089544101695989
ST34,0.3491578217099138,0.14273386165507582,0.19078786757658708,-0.2158681543684023,0.21333585733062874,-0.07547449515991968,0.023071953212575266,0.03392149943344487,-0.04579154359377436,-0.11213619730201232,0.07612566008338588,-0.034777939701896875,-0.03253723539421371,0.025774725954969217,-0.02805400920501037,-0.01432353446637418,0.1010708753910373,0.05279309245031698,0.09033408236441313,-0.01654202939520497,0.3854889311664337,0.20363188874723628,-0.013188381193183048,0.03447753977743027,-0.026168278189840397,0.12384712130642705
ST35,0.48009562987436033,0.12224946883428783,-0.12509180580478596,-0.01502204543449652,-0.01794174545244086,-0.10949488226528642,-0.061439689804081064,0.15292409587880226,0.1560953145735533,-0.06575738193158276,0.13829970097203514,0.11219768457192662,0.04242028953705609,-0.01462195015282621,0.13899829890295914,-0.12948429413286677,0.016272255260134413,0.03934971617514571,0.007696013092640726,-0.03408884079281493,0.19605202216469442,0.04663504342602129,0.07675317735570884,0.05831010591290384,0.05727878623702871,0.10125919658363763
E1,0.05508499903318238,-0.1902237649207046,-0.12571669519288176,0.369581792184051,0.03826034988948948,-0.023200941614331203,-0.07729490723704337,-0.07891592132385973,0.18284095056423977,0.038797451878474096,0.0521501524725337,-0.05923275959020814,-0.07242491190260805,0.1252464139833773,-0.11223785251112484,0.0865869302842644,-0.08464329976419614,-0.016192990553140347,0.1149931128821246,0.7038318495826172,-0.0024414050856681625,0.22645863572879116,0.14448151732255074,-0.0587891217381471,0.03229862152651715,-0.09981416221148039
E2,0.09543906011507608,-0.08240884327098018,-0.17243850153455656,0.33705589883929576,0.253066514307115,0.10104825221014188,-0.07064035422371362,0.11751283342090606,-0.11652854755225875,0.15000438421603776,0.03949482446376383,-0.06977318936534618,-0.05311934962115205,-0.0251948298022891,0.1710710871353159,0.012515731827794849,-0.025720231788293725,-0.09817162941892281,0.2914407380488457,0.2504274241583854,0.005920344034716324,0.05720006175824928,0.28695681889877117,0.05299413394262542,-0.0035584438714547028,-0.003228693544327394
E3,-0.07032130649667369,0.09517135248413035,-0.17220794928941502,0.542491903041755,-0.015024158557719753,0.07204192887789297,0.1116634843638446,0.02408396903307748,-0.02492460780215734,0.07537468581071913,0.06887047292570951,0.01933519911306513,-0.007429553158541473,-0.16569113490611065,0.019006083142978372,0.0046988376346057265,0.08004940654817894,-0.043562062240566385,0.14395289298638014,0.21938608065047605,0.05874296349859985,-0.024779973808695014,0.5248870504557449,-0.040805814601949805,-0.011912414829443049,-0.09642610914062041
E4,-0.15545300196074063,0.16301537320313028,-0.049977600842190634,0.5416207432181058,-0.11551113823419037,0.11254405308130351,0.03939479754150694,-0.05287734787197279,0.011250844649064696,0.002060272688924062,0.15164616567487557,-0.018838981417663388,0.08291726266506234,-0.023718433744111013,0.02822520303602571,-0.058272758204027233,-0.15619635153016687,0.020877790939241605,0.056636990178302246,0.2225132703829008,-0.034119720916782705,-0.005483784083274966,0.6737708289418776,-0.007233807371693178,0.012808926655919022,-0.017749596000632355
E5,0.05583314551645557,0.07828638636758682,-0.09272162798367661,0.7126967189834525,-0.0713763874430959,0.04706358067818318,0.0664345852840981,0.04981514740189287,0.0434013104831129,-0.04545529768653059,-0.02260413732025404,0.007737041183766989,0.12254885492441248,-0.007443223952361466,0.008770010361258152,0.03756949599878963,-0.18497450736147283,0.1255115186258141,-0.09314720908893911,0.03783115159784879,-0.09422289013959559,-0.14684196108140363,0.3946656679055467,-0.02443636603063246,-0.06300107751751827,0.045267753824773535
E6,0.08654885327780638,-0.05318163976870531,0.0023677049340602714,0.7586966856215565,-0.10833917065012824,-0.16441599121207545,0.0693323200408117,0.10444608701631831,0.05250770964375005,-0.06762792787270477,0.09749566035818298,0.05629092700757472,0.1467183184716006,-0.08141762554713115,0.027708428566064137,-0.0007535737816058063,0.0809541338249302,0.182796136896951,-0.07414561124217033,-0.139556755754272,0.0423868985302355,-0.09242966891355625,-0.03267769674735427,0.01641123236245356,-0.04193068690478024,-0.02082502364995038
E7,-0.0101638254546663,-0.11886048675430559,-0.01427207170508783,0.9008376732752666,-0.06117503532838606,-0.1559853801262622,0.06912258574143056,0.07910320918700496,-0.07136052704778202,0.025051241965952088,-0.0061665794604388955,0.03876589892510378,0.13174421739534875,0.08423289973425564,0.01067223068328334,0.10458067632509176,-0.05980150771337653,0.23927996402609003,0.011475421885284639,0.10706557403625729,0.10662760004889665,-0.10292126217350366,0.0686255362610742,0.018938806927830745,0.08343331001052277,-0.04264128266843017
E8,0.31358928175224055,0.08365093501738118,0.1269707587035079,0.475868262782511,0.03959128437256293,-0.07427312881623141,0.07620093874298303,-0.1789806248097995,0.03613906802614271,-0.05801551882459123,0.053355403627460225,0.04351926110991612,-0.08897455811751959,0.1105476531411911,-0.03918657034363394,0.06939468304446812,0.06099845273205686,-0.03344313346322622,0.12270262613006606,0.12430370815792631,-0.20983380776015076,0.12678332613053525,0.02236792348085063,0.032815141242743276,0.041461507248547136,0.0378672275975634
E9,0.03557683139079741,0.0697068590753836,0.1022339075829804,0.6757794329761339,0.09171369877883781,-0.04698723734199255,0.21555074421412249,-0.3651203347876091,0.028437159503638874,0.20385838124059577,-0.08141325502855395,0.055481097382005934,0.02231542549565927,0.0427495316430432,-0.03977391882983469,0.09051607940358221,0.2175191501999885,0.03506483274781146,-0.13274760103765598,0.247445804893359,-0.1013296432010302,-0.014349532369828052,0.05354582825363509,0.09713802765351306,0.014196419722732142,-0.06373723662140168
E10,0.10454076281156356,0.12586820941411817,0.06614922591767479,0.3176924889749952,0.22639000808592763,0.04189267072675887,-0.07114577594016569,-0.09770773499261441,0.08667435917581336,0.08276669419400061,0.3890083149378481,0.07577541677683969,0.022110834500020878,-0.19769710757850456,-0.014180660335403182,-0.06117121955144271,0.010714718518744249,-0.04437274793193419,-0.03138551553764927,-0.011500450380678873,-0.03075681206454467,-0.0959634599673203,-0.000359881302336769,-0.0016606814049720648,-0.033419116804756024,0.06284116197259368
E11,0.005913805838085974,-0.10313331308035971,0.12877428398798807,0.10262831615553045,0.13737813653905726,0.0047664140659016314,-0.10665168323884747,0.05762546249212724,-0.049269161776181764,0.14392164469936358,0.8053631917024977,0.010994942566156594,0.10977001679031682,0.08644576451364794,0.17641545253670057,-0.00682552152856585,0.11040310324394612,-0.2548231042566013,0.013010058782062113,0.013730276865990284,-0.15665376946128873,-0.10816087800001822,0.04805153576188407,0.09610646025902274,0.031959685630827,-0.0007023143816902275
E12,-0.07559665145477248,-0.023827214796672203,0.01365501799811312,0.17462262238183557,0.08806740199984094,0.03267548821415143,0.20254207397429436,0.13359568140839156,-0.08295506887678616,-0.01775008642455402,0.7423863785149757,0.0008858088858838358,-0.09175996663913476,0.24766295265594837,-0.10978665534108831,-0.06043566193575487,0.14460230296671567,-0.2019741066116627,-0.14382833912390733,0.001847390230294014,0.06573278077067063,-0.03649434954694009,0.1938878754077914,-0.05144218237919068,-0.007820326993115106,-0.12589429970931315
E13,0.0354698029864343,0.06768272510844314,-0.01442810874673238,0.22891066169252997,0.00015716073422170375,0.12684619986206389,0.1706547644005651,-0.05020392403201651,0.07284396845832757,0.009809039056571442,0.5231885422447209,-0.12351480533346176,0.0589916693915523,0.02266473792274266,0.0939652994225945,-0.09009478120150045,0.14358647097327742,0.12235147988045966,-0.13581328745870072,-0.08857166467707006,0.009168096262915475,-0.07314504802804042,0.1402054427559943,-0.08323796682220821,-0.0858907719600224,-0.05506428812342737
E14,0.2562251668323586,0.08450060892443675,-0.11952169979055059,0.13729091966245208,-0.009204630715204517,0.16203205329959716,0.30908657882181045,-0.2240846736594647,-0.023642224157053922,0.014233184908172831,0.40495517167436584,0.053289253033804475,0.03464657533098489,0.05520968938534494,0.08371847929807538,0.10606800386423121,0.03754737485954933,0.12550203234267518,-0.0871859809113414,-0.055980117893771025,-0.020859321812902804,0.03153673189949795,-0.06608283771815993,0.07647378316045865,-4.604769149332259e-06,0.01688328929384391
E15,0.054487226750948574,0.16126350366014636,0.08303817837865152,0.11583779687845741,-0.012859761726008785,-0.005497825378452524,0.24872352217696841,0.03251576961842109,-0.1375357015722973,-0.04498065254637005,0.3326173537426594,-0.061540575034484866,0.055424673573593444,0.001978297003390225,-0.01271746728631537,0.0025216235873099183,-0.0854273199751959,0.10517420226018265,0.19014234171733535,0.1276689524216732,-0.0013353197930459164,0.08129541962110953,-0.015731786017120476,0.06504677909351836,0.0249213454359266,0.1403957625743443
E16,0.2763600413808902,-0.11521218755912488,0.05504138229143823,0.007710213797530725,0.0867681690955259,0.01834066847218303,0.09808407412377429,0.30238018090381236,0.01787853948834379,0.016204039126340667,0.347272793334437,-0.05850374309858238,-0.15913201656693568,0.05370218017855297,-0.06360500441012244,-0.03769048685579467,-0.04317738302022364,0.07987297474675392,0.00455260104473687,0.1055532740972153,0.048691828241422874,0.020230545239736886,-0.03555833196243457,-0.03750571926966423,0.10312564615486311,0.15832778633510328
E17,-0.06626658594663816,0.050729458545022574,0.17900937751360396,0.31763234453231415,0.15287756835761915,0.13738558434900022,0.20066039420379783,-0.2265961363111914,-0.10906607888605085,0.001103774478776983,0.18666469590041,-0.0029784354181392084,0.14721815139317532,0.06258606050580792,-0.11459128023708554,-0.023803371935257382,-0.14387631867962267,0.0022285910844832687,0.056369214638346724,0.28918698505932744,0.1180985952924882,-0.07087108911358928,0.01839795259806174,0.009711166842857399,0.17468724478868078,0.032118648375455076
E18,-0.10685944019673117,0.20015788189559505,-0.057760644751361175,0.3437016723424591,0.09399456843278371,-0.03625200143551396,0.319115366227214,0.059776354119349714,0.09994746079795727,0.06097786887329312,0.03610905838366805,0.05594199718840586,-0.0794918249295823,-0.12382475405450942,0.07823328464406652,0.050785105344902076,-0.0421352263239664,-0.07697620835115584,-0.01480803566971721,0.03224609976676286,0.06645422073027299,-0.2344026318253118,0.07368762876534271,-0.09090716759165428,0.12793068083249445,0.02938389905176718
E19,0.15189281864633167,0.19504853513586493,-0.005341658342335572,0.3702961443961241,0.01054563023894289,-0.2064956987977763,0.39089225560612706,-0.061148038552336755,-0.06301682192788201,-0.000688218512427077,0.22483322284238122,-0.13097306724058355,0.05236885119682206,-0.06131975987406229,0.04008352788124014,-0.018099886986376795,0.05766176548738518,-0.07486349548995852,0.15361648428749178,0.0779233443692636,0.022030895529060256,0.04455214213010153,0.12220606778412689,-0.0056046316252924494,-0.004307789385603451,-0.06381420554763222
E20,-0.044938668764409745,0.17468894241785957,0.01608493484694055,0.21963833253251128,0.16788638489621888,-0.03135996835298281,0.8172976730957124,-0.18176987036926281,0.10461880652765572,0.0806561433836463,0.06558873515777364,0.05173969333392117,-0.0637594262269624,-0.028957863603957353,-0.25992657947828046,-0.0464561231313245,-0.09064480679355041,-0.08851927655208269,0.14064279311557737,-0.022863083361105905,0.08781695116002891,0.03253673703953755,0.03068076491954496,0.02387319106330729,-0.014208295929919379,0.1180250673409333
E21,0.02869762867639037,0.0753532740937731,0.013921036450068262,0.2609045416842445,0.15473891105732354,0.02182998131967272,0.8941186757512712,-0.0464070427812318,0.1045796529800305,-0.04303903315417217,0.06456096140486432,0.17616462434557198,-0.012286226209868705,-0.04770435354464913,-0.1429802160264324,-0.04037289704134254,-0.059497271691075056,-0.1583063777377134,-0.09358881268944673,-0.1485368749581284,-0.1163085180639153,0.008102486971045998,0.007572972057939647,0.15943867590020777,-0.08516450597173053,0.15663441280185336
E22,0.01121096698030929,0.03636797712399565,0.02572015536031448,0.04397397660496807,0.6731199759574388,-0.07701825727310027,0.3690301389827678,0.007244199544362225,0.09763184488479006,-0.06573560226395207,0.1001205493895869,-0.018176373599786223,0.08425858034158358,0.02630260730786808,-0.04221563119208218,-0.06941358588113698,-0.07398413804987564,0.010630204724435438,-0.05377144974725574,-0.03815898165545988,-0.010960153671142931,0.10052511869105141,-0.007901045384076669,0.02893132385999653,-0.09025458993083058,-0.059192614173598335
E23,0.04678014730580405,-0.10092233748931778,-0.06432630738155792,-0.008402161041881065,1.0330145039896403,-0.1917043785310766,0.11935973239768634,0.1069957267697516,-0.06929286625158397,-0.014915589745523178,0.0901205070844334,-0.01609942339345782,0.07941324986815711,0.08281850967172918,-0.12304922928532046,-0.2131217778400766,0.15022442831904234,0.11033715969731865,0.014928813535935087,0.0712936335507162,0.031697883998675694,0.017739755805046786,-0.08067067429309417,-0.06330557683389115,-0.03481422561961939,0.04639961995409438
E24,0.26290581806967667,-0.1331150252469177,-0.07791345132556814,-0.04969735747629545,0.9977436360974793,-0.1338725780084014,0.04258754391436152,-0.05537136563667793,-0.03377953580993376,0.010275328980690775,0.002412578318822864,0.0120338372589391,0.04724168067236854,0.122938823120981,-0.11262715921521352,-0.34485699371890177,0.1398007243029396,0.2231912305476882,-0.023462517133932746,0.09142097835017206,0.11817749505943911,-0.02136857155666903,-0.033456004470802776,-0.03380178703935217,0.0913294137252218,0.0016617665045933433
A1,0.820974486095597,-0.007563259997086399,0.06544712848798803,-0.05662522500315029,0.16401703296164447,-0.08080420867895585,0.07386211445498765,-0.042733800623930576,-0.09373170995834047,-0.021482583844223448,-0.011813199499588084,0.0520182901273582,0.06774971216360827,0.009283299137534975,0.03946625644281334,0.02973705102206456,-0.002109904826119886,-0.08105213943720037,-0.012921983508864773,-0.07527741556225945,-0.0015300926453015254,0.01678506941386498,0.039346347874034335,0.15449290064431928,-0.15256294350961613,0.15533959852012552
A2,0.3936924089768341,-0.00022420144844000108,0.03829939950205494,0.2001108819623835,-0.031662261014561106,-0.10311160672398963,0.03969478291359932,-0.08719830951934265,0.014236736630035286,0.011176310327526135,0.02286833988364265,-0.13324486452052475,0.13567071651091733,0.22961639905219255,0.06426972925548936,0.054189975590233634,-0.053258139408407214,0.20811880020458692,-0.005656048172679951,-0.0765102353497817,0.042143024791785666,-0.051702738125897846,0.20908945876149593,-0.06159120675830118,-0.02799790323303455,0.2185146055218887
A3,0.3316298312361982,-0.11141172029655548,-0.04428952022963931,0.155261047799875,0.2520971492041163,0.10437205319454558,-0.029926790102651826,-0.10008519657678218,0.09878307801360248,0.016238011289624897,0.11245349518296295,0.00463194791250791,0.2525307527603025,0.018369981144764846,0.15990051594515,-0.058438384567286165,0.0954587164398359,0.0582435886822206,0.06207115421239342,-0.06200359227076448,-0.06024294921845992,-0.08989591956733588,0.2823000823955008,-0.021452218088103155,0.06279066328187342,0.15710774236339053
A4,0.6515666844055916,-0.05220309381245153,0.10120543463081752,-0.0469169546415945,-0.05480465971110156,0.01714390432193326,0.04193675741180542,-0.026617408463679434,-0.07570869721787514,0.09876469775642302,-0.039552934895184536,0.05275632732069467,-0.11570543275416331,0.19857283896237807,0.1476355871648273,-0.07993219282561297,0.011831312371746817,0.023121324149089875,0.2065119357358311,0.16073531565679264,0.023547891719440155,0.1166301212015776,0.061594940450309235,0.03691179222461264,-0.06679327843933555,-0.0031766585603904226
A5,0.4699136279492518,0.04679093478264316,-0.10897218808713136,-0.029307531605546028,-0.00015349570960294028,0.04232085042856004,0.034334396052655404,0.2294355823673204,0.006446141812972031,0.06395000404544363,-0.045167691244541446,0.018755017163688246,-0.0019327418055796039,0.2913930119829575,0.025984701208452504,0.03877422525813947,-0.003625717794296497,-0.03904093723819363,-0.10212172146165069,0.049748986250317644,-0.06152175954115394,-0.13851724228673568,0.14435371684271112,-0.026125901845381612,0.15254759506572677,0.08180365290224864
A6,0.45129569820330195,0.046930291890749445,0.008848295964299365,0.04491836887530041,-0.10127695563639628,-0.02354335352229084,-0.12568380717638444,0.17991240916799672,0.20994109177590078,-0.039904129812525634,-0.09815878715988405,-0.006561719532237115,-0.024308125063387344,0.2730803307179661,0.048669965026698486,0.07873192838809771,-0.029399480510978286,0.09419559278298292,-0.1445906423578486,0.03789415986871897,-0.07831239248867125,-0.10929687632943567,0.1696374080912756,0.09882116250365844,0.261025301536053,0.08453319508983749
A7,0.4346343414017927,0.1648949139271619,-0.05098338830806663,-0.10789810093973223,0.08125637613233935,0.19633578969672544,0.2812444675225612,0.05813879045107744,-0.013116116545082197,0.1455590395336611,-0.051440361805374334,0.058357695312558404,0.10537167734105683,-0.15040814463276286,-0.07599028617548127,-0.07194747624358618,0.014898365928420925,0.061565671253077194,-0.14215678547239058,-0.01912776035042483,-0.11527744465007321,-0.06338188413021027,-0.11307889288922526,0.11624731167978594,0.05486080303559838,0.47504244283509994
A8,0.36025158850857913,0.08048383385342484,-0.06903971845873001,-0.018134839231873524,0.11109255193508576,-0.0005538418121853495,0.06158776427783181,0.04554299862196891,-0.15525522129118785,-0.023066841691958558,0.12190473090105103,0.2214609197379474,0.3074355699250836,0.163172149272307,-0.05125766856291074,0.11825339511530485,-0.15047410932077523,-0.12855865033110903,-0.02659792572979714,0.18363180616887528,0.07529597795716983,0.09908802304876663,-0.07477839040652635,0.026582940270669445,-0.051485442464871606,0.055589850185015645
A9,0.4227587511975596,-0.014200474639490805,0.1131507203061609,0.12912233334997938,0.02024174967363203,0.16575626050878983,0.12456879624157485,0.057517318938170636,-0.0643662928269822,0.05301103995743767,-0.08438968262451008,-0.04280045158497202,0.32010814921553293,-0.07477892175227753,-0.11733611416794267,0.16712938619838677,0.03416196862183316,-0.046826378214492446,-0.15502580704788607,-0.08810921557162035,0.10056957807449937,0.10833404271929856,-0.03727409189787978,-0.056962285675194256,0.0780084063001591,0.0404440755810852
A10,0.320034594409005,0.09634384592711406,0.14725142310857367,0.21244802773683713,0.10463721197239612,0.06959946389882427,-0.030731745356054916,-0.24602569361269772,-0.08740218726325252,-0.1797251447956532,0.03354372895656393,0.022504138056923334,0.9545927185280896,-0.17617426422523202,0.07473272643897194,0.0275744924806851,-0.02820613158426054,-0.06845013809142762,-0.1793314885761247,-0.033746587862360934,0.05854101828184485,0.006027267191024787,0.10090644473505135,-0.07491594612017631,0.01947371372083984,0.11442218769865743
A11,0.43711480677508024,0.035788480264076966,-0.1264675032766061,0.02429653495916323,0.12493284797524072,0.167897722626328,-0.09449890815472609,-0.03681985655816498,0.017966348785691075,0.09351841658614188,0.08404223081377865,0.09767710395887011,0.4164673649565591,-0.03378001318436883,0.07295564423939763,0.0718866226492496,-0.2003338867605678,-0.14438014784292644,0.14090247192089358,-0.07771302481199728,0.13265662485613158,-0.053838175759093714,0.01946156727215138,0.024550660232936675,0.06471977233740978,-0.024116856602193967
A12,0.6662177912773977,-0.06194729264654259,-0.06402808026652357,-0.09491721295780353,0.25011200361214064,-0.05358257378900004,-0.0762586972739077,0.10384584973655592,0.1777125200710801,-0.04841562163492192,0.02393618962566811,0.06330318887921631,0.13674059520370263,-0.002221239792320153,0.017945821581101706,0.005900052817363197,-0.052694674973375114,-0.09419725861363468,0.00195296827579871,-0.0073462367065026965,0.11973494978763224,0.017767314282498795,-0.0404475975339328,0.027984388869487977,-0.038738042221652835,-0.13177073031195857
A13,0.4870814637003938,0.18162621227616235,-0.05623229537876688,-0.03490131871442117,0.16018702555961983,-0.07453420049470288,0.07079601868254704,0.03946957538371555,-0.0014250322522589341,0.10760778000519837,-0.13365945410009974,-0.03407188081484922,0.2736824005542461,0.025677877641330272,0.00692186053080963,-0.027563137575374135,-0.035540013871185695,-0.005788773384330134,-0.04649948382108316,0.03232024416245942,0.08426017458814183,0.11231647446763487,0.03847797122065629,-0.12059532223273976,0.2016400867383805,0.09722882953795917
A14,0.7345201875854738,0.09772991518496287,0.07202766016701456,0.10624811021770808,-0.06467222964430765,-0.04376490339732309,-0.28710010155989163,0.026192268452118805,-0.032611185158870556,-0.0551388304523901,-0.1946028761580958,0.048941240526940315,0.2812541238566865,-0.07096646180216971,0.00819883628286762,0.04312796645111397,0.08176149322503043,-0.03789601323326687,-0.08548085076639693,0.1694092784909353,0.030855919757681597,0.0799097107769074,0.02305578484138401,-0.28400212633066996,0.005568317321755448,-0.01011388327316507
A15,0.648515241845592,0.15448305350873057,-0.04378671324215879,-0.06537661259847923,0.20392421617325926,-0.05837724548810434,-0.08693738626168793,-0.05549677627649234,-0.10472687153781554,0.1532001015010672,-0.09771280120114678,0.0030366894008532377,0.04279873600671536,-0.1338145081980006,-0.09875723788674524,-0.08132527085050417,0.09274608520268984,0.12131680684659482,-0.02869057182542428,0.3453447682431789,0.05202493786348248,0.026887335933307558,-0.010335240872880283,-0.13768143564366095,0.0004982696713117042,0.038916622842908456
A16,0.44479730487476127,0.07709365734313876,0.28316270426408413,0.019244583483724487,-0.06253590839124469,0.09808862677272552,0.16104925820889943,-0.1281265710125032,0.11254629853329048,-0.06835030566044549,0.04101493421262233,-0.008857469212978038,-0.15694722118548513,-0.03684894609463119,-0.03390631289260665,-0.15667167282402217,0.15499452846606043,-0.08159541013765823,0.053380160442233544,0.18297678208013635,0.013871421463003693,-0.0027926057451895365,0.07670567534434077,0.04400320836096245,-0.03160856899987802,0.15599359884921768
A17,0.8445731734237257,0.0011238063376214798,0.13301740194448974,0.10794787685157733,-0.0786162788809148,-0.07827908031634122,-0.019170983429048494,-0.04587662106929065,-0.06950059592498796,-0.05055355575795765,-0.10393180383890725,-0.02954182410943336,-0.1265061626949597,-0.0484856343392214,-0.10011570906765253,0.124930994238485,0.008217769194275713,0.005597146099875527,0.09506058033017223,-0.04780475698796236,0.18545895769688212,-0.07509182468596438,0.06275806711282358,0.13586705073336555,0.05715628813248746,0.11283101356253555
A18,0.8962488361324654,0.04629201286346499,-0.10896526174277507,-0.12602958052110239,0.01955361726271984,0.09007188552599613,-0.1334988143160409,-0.2860487274187179,-0.01594200283943758,0.13881842064830976,0.14752289372482374,0.040954918625420104,-0.016303149162795596,-0.010274423932272148,0.08104846223475186,-0.029618868189126485,0.0026873990375680524,-0.10985125911914057,0.3047617902701557,-0.1527476034744533,0.12406555656431466,-0.06092987583818613,-0.019587498739064155,-0.02398047207233767,-0.04467552228259867,-0.06884639344467579
A19,0.7820434503912433,0.07449676829671158,-0.22098257332710008,-0.05992668478270612,0.07216653962923122,0.013528587941217553,-0.10321568787984604,-0.03431278761690128,0.03677250570388428,0.07020766659611348,0.05662038735400937,0.0854261910461137,-0.04282827772050207,-0.05505243840850033,-0.12342090288563155,-0.007414700010281724,0.09434162916486023,0.09041521267431386,0.023902824497541345,-0.07146828042365344,0.11326414745663772,0.14041066614553244,0.004219408757902047,-0.14967643849947948,-0.03698678810566896,-0.153687805170795
A20,0.7639130868672157,-0.15475174969537775,0.1892899079766423,0.09826499814211288,-0.14201694842903764,-0.0760590342734312,0.08484709982005607,0.16700534512172244,-0.05094112096815044,-0.09925315651811394,0.20123239531650908,0.06126989851598736,-0.019097187373733483,-0.020060435660165427,-0.22255160483352626,0.0058358490704778785,0.2031129278534046,-0.11115987201361603,-0.020511019020573916,-0.13576051972097314,0.06330021091066729,0.09641590864500657,-0.038286337300008806,-0.04404848559579874,-0.08531588594625461,0.16601656135543458
A21,0.8496389027764191,-0.08448308389851254,0.029140177876915325,0.13256539898397784,-0.12572881757218796,-0.043660352368782636,0.03450663631152993,-0.026699733086045202,0.0016080879125174512,0.011530529451783346,0.1049336365719625,-0.0368204494333745,0.0854337254358909,-0.054944514907509734,-0.13451325794976587,0.08682805091314928,0.10414431732956861,-0.015392008617876981,0.025532605292700516,-0.02880274937523929,-0.03042362305060429,0.06877414165291788,-0.019873435848254694,0.11151776903089163,-0.21607780856564474,0.09557542499982945
A22,0.8232139926313241,0.09798150468027045,-0.17929256077120412,-0.006717180722516863,-0.11035606581930035,-0.05336693184027218,-0.1442821603655515,0.027732852263318886,0.039383594938458374,0.026480403582043104,0.11632874641794827,-0.027550639637603926,0.1000437125298962,0.07750971982028226,0.25788196002037944,-0.030161513184513433,-0.03303444887310024,0.09846049008893379,-0.0027603728420971933,0.12292436028314127,-0.07618247127479774,0.008397947864083955,0.0013795058444921746,0.4153977060172601,0.032370613120805886,0.013592020373175029
A23,0.8678266718795943,0.044894000029409374,0.01170119113361573,0.0909872917048194,-0.09352256355859087,-0.023704788680555686,0.2417610136643192,0.06765227701576967,-0.022849770205268856,-0.11487166331638878,-0.02466670102582914,0.021999172222906805,-0.08645828692083522,0.05503681822750893,-0.0016209175608590631,0.09856223305728312,-0.1510324434922902,0.04558728637614829,-0.08894234462189642,-0.031475428382389,-0.11710795362861265,-0.056247819936570714,-0.033715068641022534,0.6461374276667451,0.010183548217390273,0.02384406567710634
A24,0.7834208829851496,0.02800616077213685,0.060128992606859576,-0.08795943410558565,-0.11472231330153272,0.12835933807871558,0.12786382138287433,0.043444442133311195,-0.1136772783856659,0.0676863587251142,-0.07128545289387923,0.0029962791209227403,0.08271642217285545,-0.10762942298461722,0.03786135151761189,0.08011020697493673,0.04247720610468254,-0.05196208005864673,-0.171938970705306,0.011090945099499202,0.06624606003184298,0.02410873066209462,-0.025106858465185497,0.15609514771732969,0.05390555947472711,0.10858917749765276
A25,0.9644795666140462,0.08362096687465678,-0.1342699266042725,0.006457384849949554,-0.19288846244100777,0.08763272392197523,0.09937766270860213,-0.03552561893487634,-0.004001439083952734,0.011583989799230044,-0.07061613557218001,-0.04855748691089872,-0.10500261474069916,0.05664908990017667,-0.07744188263036778,0.048385446679076544,-0.13352539479188555,0.0020791136437237037,0.026480607361629487,0.08909650097246412,0.09411269141081256,-0.04904650720973497,-0.08914458219141855,0.3063421442244266,0.15356357506138676,0.03702629176627749
A26,0.3849584764888684,0.13256732461176685,-0.14170656648037538,-0.009825942888019312,-0.027199552023175515,0.1424712748342292,0.299805130947143,0.1217873521732641,0.057134808681137024,0.015902086067941166,0.030601882585608566,-0.045863404433095334,0.05219296683427318,-0.0010554850694525998,0.24214349690909404,-0.11057092701495655,0.0328029998082155,0.08358186575176917,-0.02520835965981825,-0.03298038021417947,-0.0912136350724788,-0.0040759186321475795,0.026183777653299472,0.15501538367759868,-0.04003632425962067,0.019125478112389026
A27,0.8131865466103213,-0.23905017239283274,0.11855365361119805,0.016767208042862438,0.08862750738051349,0.015220804336070037,0.1575847124153587,0.08509134070093116,-0.14437555920676598,-0.051738173291944446,-0.12002926720226038,0.08047723560311403,0.021021925420193044,0.017035143309709736,-0.033739687168009506,0.09294532988041075,-0.05875210182843217,0.06585672991813774,0.050185346535277155,-0.03599940326700133,-0.012164053139063113,0.004120481224054733,-0.10845888692953576,-0.06482064546531201,-0.17840323589851179,-0.080243204516269
A28,0.7824735932460838,-0.1386179549524458,0.13378194706014823,0.06403686975310097,0.08002930793172838,0.09881004827176244,-0.040744090513850986,-0.022351507533082664,0.020888767835173735,-0.12095459081365063,-0.055876808219218366,-0.029692126389599473,-0.03064988921246291,-0.015293058034163923,-0.027050516653573813,0.05503519881988668,-0.056483493567232396,0.06784309197350905,-0.009590455400877477,0.2081699431259327,-0.1070716102107148,-0.05901881263123861,-0.11248844794397798,0.0911698658540861,-0.0019567237495208365,-0.2895061657974899
A29,0.7130636079133408,0.003739947000097069,-0.030937885582557764,0.033005866127721835,0.12219208279559843,0.047088823208708414,-0.11500526174460132,0.03658297135472591,-0.013825763582478013,0.05463631321903107,0.05464868601960814,-0.000720672137792427,-0.19183460174082304,0.011920109789898126,0.0032101475211417656,-0.12178522620555302,0.01966910960852908,0.13124962036683227,-0.09085113067577565,0.2018307736155078,0.00025416468558858425,-0.22654034968869433,-0.042577540562962195,0.08936737639507006,-0.09168415969035287,-0.32240329351992336
A30,0.9195977491415245,-0.14098537450867918,0.07038471662553045,0.02336798533875869,0.15653588386906714,-0.09950208839980329,-0.018696215814402575,-0.0403573939611794,0.057742345305886913,-0.06595581527374157,-0.01587619274813316,0.0653894287859297,-0.014128275047867235,-0.02438037648475116,0.045768461318963956,-0.03373613769165763,0.03459177029993906,-0.006343679072955674,0.0006290306809061869,-0.039817143293209824,0.04180695575782998,-0.136279412009132,-0.16328044606947162,0.19910722310902035,0.002713103764253694,-0.2535553279632956
